1,6560,"20/07/2015 09:00"
2,6853,"20/07/2015 11:00"
2,6720,"20/07/2015 11:00"
1,6507,"20/07/2015 11:00"
2,4933,"20/07/2015 12:00"
1,4693,"20/07/2015 12:00"
2,5040,"20/07/2015 13:00"
1,4640,"20/07/2015 13:00"
1,4613,"20/07/2015 14:00"
2,4960,"20/07/2015 14:00"
1,4347,"20/07/2015 15:00"
2,4853,"20/07/2015 15:00"
2,7211,"25/09/2021 23:00"
1,6771,"25/09/2021 23:00"
2,7216,"26/09/2021 00:00"
1,6780,"26/09/2021 00:00"
1,6783,"26/09/2021 01:00"
2,7222,"26/09/2021 01:00"
2,7207,"26/09/2021 02:00"
1,6778,"26/09/2021 02:00"
1,6758,"26/09/2021 03:00"
2,7209,"26/09/2021 03:00"
2,7200,"26/09/2021 04:00"
1,6776,"26/09/2021 04:00"
2,7227,"26/09/2021 05:00"
1,6774,"26/09/2021 05:00"
2,7235,"26/09/2021 06:00"
1,6775,"26/09/2021 06:00"
2,7202,"26/09/2021 07:00"
1,6755,"26/09/2021 07:00"
1,6760,"26/09/2021 08:00"
2,7210,"26/09/2021 08:00"
2,7212,"26/09/2021 09:00"
1,6768,"26/09/2021 09:00"
2,7201,"26/09/2021 10:00"
1,6768,"26/09/2021 10:00"
2,7206,"26/09/2021 11:00"
1,6764,"26/09/2021 11:00"
2,7200,"26/09/2021 12:00"
1,6763,"26/09/2021 12:00"
2,7193,"26/09/2021 13:00"
1,6762,"26/09/2021 13:00"
1,6777,"26/09/2021 14:00"
2,7206,"26/09/2021 14:00"
2,7209,"26/09/2021 15:00"
1,6771,"26/09/2021 15:00"
1,6776,"26/09/2021 16:00"
2,7195,"26/09/2021 16:00"
2,7195,"26/09/2021 17:00"
1,6762,"26/09/2021 17:00"
2,7208,"26/09/2021 18:00"
1,6777,"26/09/2021 18:00"
2,7202,"26/09/2021 19:00"
1,6770,"26/09/2021 19:00"
2,7190,"26/09/2021 20:00"
1,6762,"26/09/2021 20:00"
1,6769,"26/09/2021 21:00"
2,7195,"26/09/2021 21:00"
2,7194,"26/09/2021 22:00"
1,6771,"26/09/2021 22:00"
2,7216,"26/09/2021 23:00"
1,6753,"26/09/2021 23:00"
2,7208,"27/09/2021 00:00"
1,6771,"27/09/2021 00:00"
2,7210,"27/09/2021 01:00"
1,6779,"27/09/2021 01:00"
2,7227,"27/09/2021 02:00"
1,6773,"27/09/2021 02:00"
2,7205,"27/09/2021 03:00"
1,6761,"27/09/2021 03:00"
2,7216,"27/09/2021 04:00"
1,6776,"27/09/2021 04:00"
2,7229,"27/09/2021 05:00"
1,6769,"27/09/2021 05:00"
2,7207,"27/09/2021 06:00"
1,6773,"27/09/2021 06:00"
2,7203,"27/09/2021 07:00"
1,6763,"27/09/2021 07:00"
1,6771,"27/09/2021 08:00"
2,7208,"27/09/2021 08:00"
2,7215,"27/09/2021 09:00"
1,6771,"27/09/2021 09:00"
2,7219,"27/09/2021 10:00"
1,6776,"27/09/2021 10:00"
2,7403,"27/09/2021 11:00"
1,6849,"27/09/2021 11:00"
2,7383,"27/09/2021 12:00"
1,6952,"27/09/2021 12:00"
1,6974,"27/09/2021 13:00"
2,7418,"27/09/2021 13:00"
2,7227,"27/09/2021 14:00"
1,6593,"27/09/2021 14:00"
2,7274,"27/09/2021 14:00"
1,6634,"27/09/2021 14:00"
2,7290,"27/09/2021 15:00"
1,6643,"27/09/2021 15:00"
2,7270,"27/09/2021 16:00"
1,6644,"27/09/2021 16:00"
2,7296,"27/09/2021 17:00"
1,6646,"27/09/2021 17:00"
2,7370,"27/09/2021 18:00"
1,7041,"27/09/2021 18:00"
2,6798,"27/09/2021 19:00"
1,7108,"27/09/2021 19:00"
2,6930,"27/09/2021 20:00"
1,7104,"27/09/2021 20:00"
1,6997,"27/09/2021 21:00"
2,6922,"27/09/2021 21:00"
2,6941,"27/09/2021 22:00"
1,7012,"27/09/2021 22:00"
2,6937,"27/09/2021 23:00"
1,7005,"27/09/2021 23:00"
2,6947,"28/09/2021 00:00"
1,7014,"28/09/2021 00:00"
2,6961,"28/09/2021 01:00"
1,7010,"28/09/2021 01:00"
1,7006,"28/09/2021 02:00"
2,6936,"28/09/2021 02:00"
2,6942,"28/09/2021 03:00"
1,6996,"28/09/2021 03:00"
2,6945,"28/09/2021 04:00"
1,7009,"28/09/2021 04:00"
2,6955,"28/09/2021 05:00"
1,7001,"28/09/2021 05:00"
2,6940,"28/09/2021 06:00"
1,7007,"28/09/2021 06:00"
2,6932,"28/09/2021 07:00"
1,7007,"28/09/2021 07:00"
2,6935,"28/09/2021 08:00"
1,7006,"28/09/2021 08:00"
2,6965,"28/09/2021 09:00"
1,7015,"28/09/2021 09:00"
1,7034,"28/09/2021 10:00"
2,6968,"28/09/2021 10:00"
2,6957,"28/09/2021 11:00"
1,7040,"28/09/2021 11:00"
2,6963,"28/09/2021 12:00"
1,7041,"28/09/2021 12:00"
2,6942,"28/09/2021 13:00"
1,7020,"28/09/2021 13:00"
2,6941,"28/09/2021 14:00"
1,7017,"28/09/2021 14:00"
2,6931,"28/09/2021 15:00"
1,7032,"28/09/2021 15:00"
2,7112,"28/09/2021 16:00"
1,7135,"28/09/2021 16:00"
2,6983,"28/09/2021 17:00"
1,7093,"28/09/2021 17:00"
2,7174,"28/09/2021 18:00"
1,6631,"28/09/2021 18:00"
2,7108,"28/09/2021 19:00"
1,6944,"28/09/2021 19:00"
2,6883,"28/09/2021 20:00"
1,6853,"28/09/2021 20:00"
2,6881,"28/09/2021 21:00"
1,6849,"28/09/2021 21:00"
2,6892,"28/09/2021 22:00"
1,6858,"28/09/2021 22:00"
1,6858,"28/09/2021 23:00"
2,6884,"28/09/2021 23:00"
2,6890,"29/09/2021 00:00"
1,6867,"29/09/2021 00:00"
2,6891,"29/09/2021 01:00"
1,6874,"29/09/2021 01:00"
2,6882,"29/09/2021 02:00"
1,6861,"29/09/2021 02:00"
2,6893,"29/09/2021 03:00"
1,6864,"29/09/2021 03:00"
2,6889,"29/09/2021 04:00"
1,6866,"29/09/2021 04:00"
2,6906,"29/09/2021 05:00"
1,6877,"29/09/2021 05:00"
2,6910,"29/09/2021 06:00"
1,6880,"29/09/2021 06:00"
2,6891,"29/09/2021 07:00"
1,6878,"29/09/2021 07:00"
2,6907,"29/09/2021 08:00"
1,6879,"29/09/2021 08:00"
2,6898,"29/09/2021 09:00"
1,6875,"29/09/2021 09:00"
1,7037,"29/09/2021 10:00"
2,6844,"29/09/2021 10:00"
2,6583,"29/09/2021 11:00"
1,7202,"29/09/2021 11:00"
2,6517,"29/09/2021 12:00"
1,7295,"29/09/2021 12:00"
2,6577,"29/09/2021 13:00"
1,7269,"29/09/2021 13:00"
2,6597,"29/09/2021 14:00"
1,7257,"29/09/2021 14:00"
1,7266,"29/09/2021 15:00"
2,6581,"29/09/2021 15:00"
2,6587,"29/09/2021 16:00"
1,7263,"29/09/2021 16:00"
2,6579,"29/09/2021 17:00"
1,7257,"29/09/2021 17:00"
2,6587,"29/09/2021 18:00"
1,7259,"29/09/2021 18:00"
2,6590,"29/09/2021 19:00"
1,7269,"29/09/2021 19:00"
2,6600,"29/09/2021 20:00"
1,7261,"29/09/2021 20:00"
2,6601,"29/09/2021 21:00"
1,7271,"29/09/2021 21:00"
2,6591,"29/09/2021 22:00"
1,7253,"29/09/2021 22:00"
2,6591,"29/09/2021 23:00"
1,7259,"29/09/2021 23:00"
2,6592,"30/09/2021 00:00"
1,7242,"30/09/2021 00:00"
2,6595,"30/09/2021 01:00"
1,7261,"30/09/2021 01:00"
2,6590,"30/09/2021 02:00"
1,7265,"30/09/2021 02:00"
2,6599,"30/09/2021 03:00"
1,7251,"30/09/2021 03:00"
1,7249,"30/09/2021 04:00"
2,6600,"30/09/2021 04:00"
2,6603,"30/09/2021 05:00"
1,7251,"30/09/2021 05:00"
2,6599,"30/09/2021 06:00"
1,7250,"30/09/2021 06:00"
2,6599,"30/09/2021 07:00"
1,7247,"30/09/2021 07:00"
2,6574,"30/09/2021 08:00"
1,7249,"30/09/2021 08:00"
2,6594,"30/09/2021 09:00"
1,7246,"30/09/2021 09:00"
1,7258,"30/09/2021 10:00"
2,6602,"30/09/2021 10:00"
2,6600,"30/09/2021 11:00"
1,7249,"30/09/2021 11:00"
1,7262,"30/09/2021 12:00"
2,6599,"30/09/2021 12:00"
2,6601,"30/09/2021 13:00"
1,7256,"30/09/2021 13:00"
2,6561,"30/09/2021 14:00"
1,7264,"30/09/2021 14:00"
2,6532,"30/09/2021 15:00"
1,7248,"30/09/2021 15:00"
2,6523,"30/09/2021 16:00"
1,7226,"30/09/2021 16:00"
1,7216,"30/09/2021 17:00"
2,6388,"30/09/2021 17:00"
2,6464,"30/09/2021 18:00"
1,7303,"30/09/2021 18:00"
2,6355,"30/09/2021 19:00"
1,7236,"30/09/2021 19:00"
2,6365,"30/09/2021 20:00"
1,7220,"30/09/2021 20:00"
2,6367,"30/09/2021 21:00"
1,7212,"30/09/2021 21:00"
2,6363,"30/09/2021 22:00"
1,7211,"30/09/2021 22:00"
2,6367,"30/09/2021 23:00"
1,7207,"30/09/2021 23:00"
2,6395,"01/10/2021 00:00"
1,7233,"01/10/2021 00:00"
1,7232,"01/10/2021 01:00"
2,6408,"01/10/2021 01:00"
2,6398,"01/10/2021 02:00"
1,7259,"01/10/2021 02:00"
2,6394,"01/10/2021 03:00"
1,7236,"01/10/2021 03:00"
2,6404,"01/10/2021 04:00"
1,7235,"01/10/2021 04:00"
2,6396,"01/10/2021 05:00"
1,7243,"01/10/2021 05:00"
2,6396,"01/10/2021 06:00"
1,7233,"01/10/2021 06:00"
2,6402,"01/10/2021 07:00"
1,7228,"01/10/2021 07:00"
2,6406,"01/10/2021 08:00"
1,7234,"01/10/2021 08:00"
1,7270,"01/10/2021 09:00"
2,6493,"01/10/2021 09:00"
2,6498,"01/10/2021 10:00"
1,7359,"01/10/2021 10:00"
2,6498,"01/10/2021 11:00"
1,7343,"01/10/2021 11:00"
2,6507,"01/10/2021 12:00"
1,7339,"01/10/2021 12:00"
2,6515,"01/10/2021 13:00"
1,7344,"01/10/2021 13:00"
2,6511,"01/10/2021 14:00"
1,7344,"01/10/2021 14:00"
2,6516,"01/10/2021 15:00"
1,7333,"01/10/2021 15:00"
2,6518,"01/10/2021 16:00"
1,7376,"01/10/2021 16:00"
2,6516,"01/10/2021 17:00"
1,7344,"01/10/2021 17:00"
2,6484,"01/10/2021 18:00"
1,7366,"01/10/2021 18:00"
2,6487,"01/10/2021 19:00"
1,7377,"01/10/2021 19:00"
2,6498,"01/10/2021 20:00"
1,7360,"01/10/2021 20:00"
2,6485,"01/10/2021 21:00"
1,7366,"01/10/2021 21:00"
2,6488,"01/10/2021 22:00"
1,7362,"01/10/2021 22:00"
2,6483,"01/10/2021 23:00"
1,7366,"01/10/2021 23:00"
2,6490,"02/10/2021 00:00"
1,7366,"02/10/2021 00:00"
2,6486,"02/10/2021 01:00"
1,7382,"02/10/2021 01:00"
2,6483,"02/10/2021 02:00"
1,7347,"02/10/2021 02:00"
2,6477,"02/10/2021 03:00"
1,7344,"02/10/2021 03:00"
2,6477,"02/10/2021 04:00"
1,7356,"02/10/2021 04:00"
2,6480,"02/10/2021 05:00"
1,7367,"02/10/2021 05:00"
1,7355,"02/10/2021 06:00"
2,6476,"02/10/2021 06:00"
2,6474,"02/10/2021 07:00"
1,7372,"02/10/2021 07:00"
2,6478,"02/10/2021 08:00"
1,7361,"02/10/2021 08:00"
2,6485,"02/10/2021 09:00"
1,7363,"02/10/2021 09:00"
2,6486,"02/10/2021 10:00"
1,7354,"02/10/2021 10:00"
1,7353,"02/10/2021 11:00"
2,6492,"02/10/2021 11:00"
2,6491,"02/10/2021 12:00"
1,7378,"02/10/2021 12:00"
2,6494,"02/10/2021 13:00"
1,7365,"02/10/2021 13:00"
2,6484,"02/10/2021 14:00"
1,7368,"02/10/2021 14:00"
2,6483,"02/10/2021 15:00"
1,7260,"02/10/2021 15:00"
2,6689,"02/10/2021 16:00"
1,7170,"02/10/2021 16:00"
1,7169,"02/10/2021 17:00"
2,6690,"02/10/2021 17:00"
2,6691,"02/10/2021 18:00"
1,7166,"02/10/2021 18:00"
1,7170,"02/10/2021 19:00"
2,6682,"02/10/2021 19:00"
2,6944,"02/10/2021 20:00"
1,7156,"02/10/2021 20:00"
2,6900,"02/10/2021 21:00"
1,6983,"02/10/2021 21:00"
2,6848,"02/10/2021 22:00"
1,7057,"02/10/2021 22:00"
2,6793,"02/10/2021 23:00"
1,7557,"02/10/2021 23:00"
1,7771,"03/10/2021 00:00"
2,6531,"03/10/2021 00:00"
2,6854,"03/10/2021 01:00"
1,7556,"03/10/2021 01:00"
2,7015,"03/10/2021 02:00"
1,7429,"03/10/2021 02:00"
2,7029,"03/10/2021 03:00"
1,7482,"03/10/2021 03:00"
2,7003,"03/10/2021 04:00"
1,7494,"03/10/2021 04:00"
2,6989,"03/10/2021 05:00"
1,7486,"03/10/2021 05:00"
2,7006,"03/10/2021 06:00"
1,7482,"03/10/2021 06:00"
2,7014,"03/10/2021 07:00"
1,7484,"03/10/2021 07:00"
1,7478,"03/10/2021 08:00"
2,7004,"03/10/2021 08:00"
2,6992,"03/10/2021 09:00"
1,7500,"03/10/2021 09:00"
2,7001,"03/10/2021 10:00"
1,7474,"03/10/2021 10:00"
2,6994,"03/10/2021 11:00"
1,7482,"03/10/2021 11:00"
2,6996,"03/10/2021 12:00"
1,7475,"03/10/2021 12:00"
2,7006,"03/10/2021 13:00"
1,7474,"03/10/2021 13:00"
2,7010,"03/10/2021 14:00"
1,7662,"03/10/2021 14:00"
2,6915,"03/10/2021 15:00"
1,7559,"03/10/2021 15:00"
2,7315,"03/10/2021 16:00"
1,7571,"03/10/2021 16:00"
2,7119,"03/10/2021 17:00"
1,7467,"03/10/2021 17:00"
2,6915,"03/10/2021 18:00"
1,7305,"03/10/2021 18:00"
2,6906,"03/10/2021 19:00"
1,6973,"03/10/2021 19:00"
2,6919,"03/10/2021 20:00"
1,6962,"03/10/2021 20:00"
1,6991,"03/10/2021 21:00"
2,6916,"03/10/2021 21:00"
2,6921,"03/10/2021 22:00"
1,6982,"03/10/2021 22:00"
2,6923,"03/10/2021 23:00"
1,6979,"03/10/2021 23:00"
2,6918,"04/10/2021 00:00"
1,6969,"04/10/2021 00:00"
2,6604,"04/10/2021 01:00"
1,7184,"04/10/2021 01:00"
2,6405,"04/10/2021 02:00"
1,7268,"04/10/2021 02:00"
1,7325,"04/10/2021 03:00"
2,6305,"04/10/2021 03:00"
2,6356,"04/10/2021 04:00"
1,7345,"04/10/2021 04:00"
1,7345,"04/10/2021 05:00"
2,6353,"04/10/2021 05:00"
2,6347,"04/10/2021 06:00"
1,7347,"04/10/2021 06:00"
2,6363,"04/10/2021 07:00"
1,7346,"04/10/2021 07:00"
2,6362,"04/10/2021 08:00"
1,7348,"04/10/2021 08:00"
2,6351,"04/10/2021 09:00"
1,7353,"04/10/2021 09:00"
1,7349,"04/10/2021 10:00"
2,6357,"04/10/2021 10:00"
2,6372,"04/10/2021 11:00"
1,7369,"04/10/2021 11:00"
2,6410,"04/10/2021 12:00"
1,7391,"04/10/2021 12:00"
2,6383,"04/10/2021 13:00"
1,7385,"04/10/2021 13:00"
2,6403,"04/10/2021 14:00"
1,7407,"04/10/2021 14:00"
2,6424,"04/10/2021 15:00"
1,7415,"04/10/2021 15:00"
2,6422,"04/10/2021 16:00"
1,7408,"04/10/2021 16:00"
2,6421,"04/10/2021 17:00"
1,7407,"04/10/2021 17:00"
1,7416,"04/10/2021 18:00"
2,6415,"04/10/2021 18:00"
2,6417,"04/10/2021 19:00"
1,7357,"04/10/2021 19:00"
2,6462,"04/10/2021 20:00"
1,7363,"04/10/2021 20:00"
2,6462,"04/10/2021 21:00"
1,7363,"04/10/2021 21:00"
2,6469,"04/10/2021 22:00"
1,7375,"04/10/2021 22:00"
1,7432,"04/10/2021 23:00"
2,6470,"04/10/2021 23:00"
2,6461,"05/10/2021 00:00"
1,7372,"05/10/2021 00:00"
2,6463,"05/10/2021 01:00"
1,7330,"05/10/2021 01:00"
1,5844,"05/10/2021 02:00"
2,5342,"05/10/2021 02:00"
2,5476,"05/10/2021 03:00"
1,5979,"05/10/2021 03:00"
2,5601,"05/10/2021 04:00"
1,6090,"05/10/2021 04:00"
2,6251,"05/10/2021 05:00"
1,6114,"05/10/2021 05:00"
2,6298,"05/10/2021 06:00"
1,5982,"05/10/2021 06:00"
2,6265,"05/10/2021 07:00"
1,5976,"05/10/2021 07:00"
1,5984,"05/10/2021 08:00"
2,6260,"05/10/2021 08:00"
2,6258,"05/10/2021 09:00"
1,5984,"05/10/2021 09:00"
2,6280,"05/10/2021 10:00"
1,6002,"05/10/2021 10:00"
2,6270,"05/10/2021 11:00"
1,6000,"05/10/2021 11:00"
2,6335,"05/10/2021 12:00"
1,6020,"05/10/2021 12:00"
2,6333,"05/10/2021 13:00"
1,6036,"05/10/2021 13:00"
2,6356,"05/10/2021 14:00"
1,6038,"05/10/2021 14:00"
1,6045,"05/10/2021 15:00"
2,6350,"05/10/2021 15:00"
2,6374,"05/10/2021 16:00"
1,6050,"05/10/2021 16:00"
2,6365,"05/10/2021 17:00"
1,6044,"05/10/2021 17:00"
2,6364,"05/10/2021 18:00"
1,6036,"05/10/2021 18:00"
2,6363,"05/10/2021 19:00"
1,6024,"05/10/2021 19:00"
2,6343,"05/10/2021 20:00"
1,6038,"05/10/2021 20:00"
2,6347,"05/10/2021 21:00"
1,6032,"05/10/2021 21:00"
2,6366,"05/10/2021 22:00"
1,6039,"05/10/2021 22:00"
2,6371,"05/10/2021 23:00"
1,6026,"05/10/2021 23:00"
2,6364,"06/10/2021 00:00"
1,6036,"06/10/2021 00:00"
2,6380,"06/10/2021 01:00"
1,6020,"06/10/2021 01:00"
2,6355,"06/10/2021 02:00"
1,6031,"06/10/2021 02:00"
2,6364,"06/10/2021 03:00"
1,6021,"06/10/2021 03:00"
1,6035,"06/10/2021 04:00"
2,6370,"06/10/2021 04:00"
2,6373,"06/10/2021 05:00"
1,6038,"06/10/2021 05:00"
2,6367,"06/10/2021 06:00"
1,6030,"06/10/2021 06:00"
2,6366,"06/10/2021 07:00"
1,6043,"06/10/2021 07:00"
2,6373,"06/10/2021 08:00"
1,6028,"06/10/2021 08:00"
2,6367,"06/10/2021 09:00"
1,6040,"06/10/2021 09:00"
2,6262,"06/10/2021 10:00"
1,5978,"06/10/2021 10:00"
2,6362,"06/10/2021 10:00"
1,6045,"06/10/2021 10:00"
2,6365,"06/10/2021 11:00"
1,6035,"06/10/2021 11:00"
2,6371,"06/10/2021 12:00"
1,6048,"06/10/2021 12:00"
2,6364,"06/10/2021 13:00"
1,6041,"06/10/2021 13:00"
2,6380,"06/10/2021 14:00"
1,6046,"06/10/2021 14:00"
2,6379,"06/10/2021 15:00"
1,6042,"06/10/2021 15:00"
2,6374,"06/10/2021 16:00"
1,6047,"06/10/2021 16:00"
1,6009,"06/10/2021 17:00"
2,6462,"06/10/2021 17:00"
2,6462,"06/10/2021 18:00"
1,5979,"06/10/2021 18:00"
2,6494,"06/10/2021 19:00"
1,5970,"06/10/2021 19:00"
1,5961,"06/10/2021 20:00"
2,6486,"06/10/2021 20:00"
2,6491,"06/10/2021 21:00"
1,5982,"06/10/2021 21:00"
2,6529,"06/10/2021 22:00"
1,5989,"06/10/2021 22:00"
2,6530,"06/10/2021 23:00"
1,5984,"06/10/2021 23:00"
2,6543,"07/10/2021 00:00"
1,5986,"07/10/2021 00:00"
1,5994,"07/10/2021 01:00"
2,6516,"07/10/2021 01:00"
2,6541,"07/10/2021 02:00"
1,5991,"07/10/2021 02:00"
2,6519,"07/10/2021 03:00"
1,5999,"07/10/2021 03:00"
2,6537,"07/10/2021 04:00"
1,5993,"07/10/2021 04:00"
2,6516,"07/10/2021 05:00"
1,6002,"07/10/2021 05:00"
2,6545,"07/10/2021 06:00"
1,5986,"07/10/2021 06:00"
2,6515,"07/10/2021 07:00"
1,5988,"07/10/2021 07:00"
2,6538,"07/10/2021 08:00"
1,6013,"07/10/2021 08:00"
2,6556,"07/10/2021 09:00"
1,6019,"07/10/2021 09:00"
2,6559,"07/10/2021 10:00"
1,6020,"07/10/2021 10:00"
2,6549,"07/10/2021 11:00"
1,6021,"07/10/2021 11:00"
2,6572,"07/10/2021 12:00"
1,6027,"07/10/2021 12:00"
2,6571,"07/10/2021 13:00"
1,6027,"07/10/2021 13:00"
2,6559,"07/10/2021 14:00"
1,6029,"07/10/2021 14:00"
1,6032,"07/10/2021 15:00"
2,6587,"07/10/2021 15:00"
2,6563,"07/10/2021 16:00"
1,6065,"07/10/2021 16:00"
2,6513,"07/10/2021 17:00"
1,6068,"07/10/2021 17:00"
2,6516,"07/10/2021 18:00"
1,6063,"07/10/2021 18:00"
2,6522,"07/10/2021 19:00"
1,6074,"07/10/2021 19:00"
1,6071,"07/10/2021 20:00"
2,6534,"07/10/2021 20:00"
2,6535,"07/10/2021 21:00"
1,6072,"07/10/2021 21:00"
2,6536,"07/10/2021 22:00"
1,6074,"07/10/2021 22:00"
2,6539,"07/10/2021 23:00"
1,6067,"07/10/2021 23:00"
2,6550,"08/10/2021 00:00"
1,6071,"08/10/2021 00:00"
1,6076,"08/10/2021 01:00"
2,6519,"08/10/2021 01:00"
2,6543,"08/10/2021 02:00"
1,6070,"08/10/2021 02:00"
2,6523,"08/10/2021 03:00"
1,6067,"08/10/2021 03:00"
2,6516,"08/10/2021 04:00"
1,6059,"08/10/2021 04:00"
2,6515,"08/10/2021 05:00"
1,6067,"08/10/2021 05:00"
1,6057,"08/10/2021 06:00"
2,6522,"08/10/2021 06:00"
2,6507,"08/10/2021 07:00"
1,6058,"08/10/2021 07:00"
2,6503,"08/10/2021 08:00"
1,6052,"08/10/2021 08:00"
2,6525,"08/10/2021 09:00"
1,6076,"08/10/2021 09:00"
2,6520,"08/10/2021 10:00"
1,6074,"08/10/2021 10:00"
2,6489,"08/10/2021 11:00"
1,6750,"08/10/2021 11:00"
2,6171,"08/10/2021 12:00"
1,6763,"08/10/2021 12:00"
2,6188,"08/10/2021 13:00"
1,6762,"08/10/2021 13:00"
1,6752,"08/10/2021 14:00"
2,6174,"08/10/2021 14:00"
2,6166,"08/10/2021 15:00"
1,6753,"08/10/2021 15:00"
2,6180,"08/10/2021 16:00"
1,6763,"08/10/2021 16:00"
2,6185,"08/10/2021 17:00"
1,6754,"08/10/2021 17:00"
2,6176,"08/10/2021 18:00"
1,6752,"08/10/2021 18:00"
1,6761,"08/10/2021 19:00"
2,6183,"08/10/2021 19:00"
2,6171,"08/10/2021 20:00"
1,6756,"08/10/2021 20:00"
2,6177,"08/10/2021 21:00"
1,6753,"08/10/2021 21:00"
2,6166,"08/10/2021 22:00"
1,6754,"08/10/2021 22:00"
2,6177,"08/10/2021 23:00"
1,6750,"08/10/2021 23:00"
1,6770,"09/10/2021 00:00"
2,6176,"09/10/2021 00:00"
2,6177,"09/10/2021 01:00"
1,6759,"09/10/2021 01:00"
2,6175,"09/10/2021 02:00"
1,6759,"09/10/2021 02:00"
1,6755,"09/10/2021 03:00"
2,6172,"09/10/2021 03:00"
2,6178,"09/10/2021 04:00"
1,6763,"09/10/2021 04:00"
2,6181,"09/10/2021 05:00"
1,6759,"09/10/2021 05:00"
2,6177,"09/10/2021 06:00"
1,6752,"09/10/2021 06:00"
2,6167,"09/10/2021 07:00"
1,6753,"09/10/2021 07:00"
1,6765,"09/10/2021 08:00"
2,6181,"09/10/2021 08:00"
2,6173,"09/10/2021 09:00"
1,6760,"09/10/2021 09:00"
2,6180,"09/10/2021 10:00"
1,6768,"09/10/2021 10:00"
2,6177,"09/10/2021 11:00"
1,6759,"09/10/2021 11:00"
2,6171,"09/10/2021 12:00"
1,6758,"09/10/2021 12:00"
2,6187,"09/10/2021 13:00"
1,6767,"09/10/2021 13:00"
2,6183,"09/10/2021 14:00"
1,6760,"09/10/2021 14:00"
2,6187,"09/10/2021 15:00"
1,6760,"09/10/2021 15:00"
2,6188,"09/10/2021 16:00"
1,6765,"09/10/2021 16:00"
2,6192,"09/10/2021 17:00"
1,6763,"09/10/2021 17:00"
2,6192,"09/10/2021 18:00"
1,6761,"09/10/2021 18:00"
2,6186,"09/10/2021 19:00"
1,6764,"09/10/2021 19:00"
2,6188,"09/10/2021 20:00"
1,6762,"09/10/2021 20:00"
1,6775,"09/10/2021 21:00"
2,6178,"09/10/2021 21:00"
2,6189,"09/10/2021 22:00"
1,6758,"09/10/2021 22:00"
2,6177,"09/10/2021 23:00"
1,6765,"09/10/2021 23:00"
2,6197,"10/10/2021 00:00"
1,6770,"10/10/2021 00:00"
2,6198,"10/10/2021 01:00"
1,6773,"10/10/2021 01:00"
2,6188,"10/10/2021 02:00"
1,6755,"10/10/2021 02:00"
2,6183,"10/10/2021 03:00"
1,6757,"10/10/2021 03:00"
2,6183,"10/10/2021 04:00"
1,6768,"10/10/2021 04:00"
2,6197,"10/10/2021 05:00"
1,6770,"10/10/2021 05:00"
2,6185,"10/10/2021 06:00"
1,6767,"10/10/2021 06:00"
2,6186,"10/10/2021 07:00"
1,6756,"10/10/2021 07:00"
2,6186,"10/10/2021 08:00"
1,6752,"10/10/2021 08:00"
2,6189,"10/10/2021 09:00"
1,6754,"10/10/2021 09:00"
2,6190,"10/10/2021 10:00"
1,6765,"10/10/2021 10:00"
1,6764,"10/10/2021 11:00"
2,6189,"10/10/2021 11:00"
2,6179,"10/10/2021 12:00"
1,6765,"10/10/2021 12:00"
2,6179,"10/10/2021 13:00"
1,6755,"10/10/2021 13:00"
2,6188,"10/10/2021 14:00"
1,6751,"10/10/2021 14:00"
2,6190,"10/10/2021 15:00"
1,6760,"10/10/2021 15:00"
1,6764,"10/10/2021 16:00"
2,6184,"10/10/2021 16:00"
2,6194,"10/10/2021 17:00"
1,6759,"10/10/2021 17:00"
2,6188,"10/10/2021 18:00"
1,6761,"10/10/2021 18:00"
2,6182,"10/10/2021 19:00"
1,6763,"10/10/2021 19:00"
2,6185,"10/10/2021 20:00"
1,6768,"10/10/2021 20:00"
1,6769,"10/10/2021 21:00"
2,6190,"10/10/2021 21:00"
2,6200,"10/10/2021 22:00"
1,6767,"10/10/2021 22:00"
2,6192,"10/10/2021 23:00"
1,6759,"10/10/2021 23:00"
2,6198,"11/10/2021 00:00"
1,6764,"11/10/2021 00:00"
2,6201,"11/10/2021 01:00"
1,6770,"11/10/2021 01:00"
1,6763,"11/10/2021 02:00"
2,6173,"11/10/2021 02:00"
2,6193,"11/10/2021 03:00"
1,6761,"11/10/2021 03:00"
2,6187,"11/10/2021 04:00"
1,6788,"11/10/2021 04:00"
2,6208,"11/10/2021 05:00"
1,6758,"11/10/2021 05:00"
2,6180,"11/10/2021 06:00"
1,6765,"11/10/2021 06:00"
2,6187,"11/10/2021 07:00"
1,6752,"11/10/2021 07:00"
2,6187,"11/10/2021 08:00"
1,6751,"11/10/2021 08:00"
2,6176,"11/10/2021 09:00"
1,6750,"11/10/2021 09:00"
2,6958,"11/10/2021 10:00"
1,6739,"11/10/2021 10:00"
2,7063,"11/10/2021 11:00"
1,6887,"11/10/2021 11:00"
2,6934,"11/10/2021 12:00"
1,6978,"11/10/2021 12:00"
2,6759,"11/10/2021 13:00"
1,6839,"11/10/2021 13:00"
2,6715,"11/10/2021 14:00"
1,6804,"11/10/2021 14:00"
1,6815,"11/10/2021 15:00"
2,6731,"11/10/2021 15:00"
2,6814,"11/10/2021 16:00"
1,6809,"11/10/2021 16:00"
2,6818,"11/10/2021 17:00"
1,6707,"11/10/2021 17:00"
2,6838,"11/10/2021 18:00"
1,6705,"11/10/2021 18:00"
2,6823,"11/10/2021 19:00"
1,6705,"11/10/2021 19:00"
2,6825,"11/10/2021 20:00"
1,6713,"11/10/2021 20:00"
2,6819,"11/10/2021 21:00"
1,6728,"11/10/2021 21:00"
2,6838,"11/10/2021 22:00"
1,6714,"11/10/2021 22:00"
2,6830,"11/10/2021 23:00"
1,6711,"11/10/2021 23:00"
2,6834,"12/10/2021 00:00"
1,6721,"12/10/2021 00:00"
2,6831,"12/10/2021 01:00"
1,6706,"12/10/2021 01:00"
1,6708,"12/10/2021 02:00"
2,6824,"12/10/2021 02:00"
2,6816,"12/10/2021 03:00"
1,6720,"12/10/2021 03:00"
2,6825,"12/10/2021 04:00"
1,6720,"12/10/2021 04:00"
2,6830,"12/10/2021 05:00"
1,6721,"12/10/2021 05:00"
2,6831,"12/10/2021 06:00"
1,6714,"12/10/2021 06:00"
1,6718,"12/10/2021 07:00"
2,6838,"12/10/2021 07:00"
2,6840,"12/10/2021 08:00"
1,6726,"12/10/2021 08:00"
1,6741,"12/10/2021 09:00"
2,6838,"12/10/2021 09:00"
2,6841,"12/10/2021 10:00"
1,6727,"12/10/2021 10:00"
2,6850,"12/10/2021 11:00"
1,6740,"12/10/2021 11:00"
2,6840,"12/10/2021 12:00"
1,6722,"12/10/2021 12:00"
2,6840,"12/10/2021 13:00"
1,6728,"12/10/2021 13:00"
2,6849,"12/10/2021 14:00"
1,6727,"12/10/2021 14:00"
2,6838,"12/10/2021 15:00"
1,6714,"12/10/2021 15:00"
2,6860,"12/10/2021 16:00"
1,6722,"12/10/2021 16:00"
2,6847,"12/10/2021 17:00"
1,6719,"12/10/2021 17:00"
2,6845,"12/10/2021 18:00"
1,6722,"12/10/2021 18:00"
2,6863,"12/10/2021 19:00"
1,6721,"12/10/2021 19:00"
1,6724,"12/10/2021 20:00"
2,6836,"12/10/2021 20:00"
2,6844,"12/10/2021 21:00"
1,6726,"12/10/2021 21:00"
2,6847,"12/10/2021 22:00"
1,6731,"12/10/2021 22:00"
2,6840,"12/10/2021 23:00"
1,6717,"12/10/2021 23:00"
2,6854,"13/10/2021 00:00"
1,6731,"13/10/2021 00:00"
1,6729,"13/10/2021 01:00"
2,6853,"13/10/2021 01:00"
2,6846,"13/10/2021 02:00"
1,6746,"13/10/2021 02:00"
2,6847,"13/10/2021 03:00"
1,6743,"13/10/2021 03:00"
2,6842,"13/10/2021 04:00"
1,6741,"13/10/2021 04:00"
2,6848,"13/10/2021 05:00"
1,6735,"13/10/2021 05:00"
1,6735,"13/10/2021 06:00"
2,6841,"13/10/2021 06:00"
2,6836,"13/10/2021 07:00"
1,6715,"13/10/2021 07:00"
2,6849,"13/10/2021 08:00"
1,6724,"13/10/2021 08:00"
2,6842,"13/10/2021 09:00"
1,6725,"13/10/2021 09:00"
2,7097,"13/10/2021 10:00"
1,6984,"13/10/2021 10:00"
1,6910,"13/10/2021 11:00"
2,7104,"13/10/2021 11:00"
2,6565,"13/10/2021 12:00"
1,7068,"13/10/2021 12:00"
2,6734,"13/10/2021 13:00"
1,6975,"13/10/2021 13:00"
2,6889,"13/10/2021 14:00"
1,7283,"13/10/2021 14:00"
2,6756,"13/10/2021 15:00"
1,7284,"13/10/2021 15:00"
2,6765,"13/10/2021 16:00"
1,7295,"13/10/2021 16:00"
2,6770,"13/10/2021 17:00"
1,7288,"13/10/2021 17:00"
2,6773,"13/10/2021 18:00"
1,7319,"13/10/2021 18:00"
2,6763,"13/10/2021 19:00"
1,7299,"13/10/2021 19:00"
1,7290,"13/10/2021 20:00"
2,6757,"13/10/2021 20:00"
2,6756,"13/10/2021 21:00"
1,7296,"13/10/2021 21:00"
1,7315,"13/10/2021 22:00"
2,6761,"13/10/2021 22:00"
2,6762,"13/10/2021 23:00"
1,7309,"13/10/2021 23:00"
2,6764,"14/10/2021 00:00"
1,7329,"14/10/2021 00:00"
2,6759,"14/10/2021 01:00"
1,7308,"14/10/2021 01:00"
2,6757,"14/10/2021 02:00"
1,7300,"14/10/2021 02:00"
1,7298,"14/10/2021 03:00"
2,6749,"14/10/2021 03:00"
2,6411,"14/10/2021 04:00"
1,6863,"14/10/2021 04:00"
2,7008,"14/10/2021 05:00"
1,7057,"14/10/2021 05:00"
2,7039,"14/10/2021 06:00"
1,7070,"14/10/2021 06:00"
2,7037,"14/10/2021 07:00"
1,7064,"14/10/2021 07:00"
2,7038,"14/10/2021 08:00"
1,7054,"14/10/2021 08:00"
1,7113,"14/10/2021 09:00"
2,7081,"14/10/2021 09:00"
2,7074,"14/10/2021 10:00"
1,7119,"14/10/2021 10:00"
1,7123,"14/10/2021 11:00"
2,7079,"14/10/2021 11:00"
2,7048,"14/10/2021 12:00"
1,7127,"14/10/2021 12:00"
2,7375,"14/10/2021 13:00"
1,7290,"14/10/2021 13:00"
2,7280,"14/10/2021 14:00"
1,7040,"14/10/2021 14:00"
2,7273,"14/10/2021 15:00"
1,6948,"14/10/2021 15:00"
1,7082,"14/10/2021 16:00"
2,7264,"14/10/2021 16:00"
2,7217,"14/10/2021 17:00"
1,7271,"14/10/2021 17:00"
2,7192,"14/10/2021 18:00"
1,7007,"14/10/2021 18:00"
2,7170,"14/10/2021 19:00"
1,7032,"14/10/2021 19:00"
2,7153,"14/10/2021 20:00"
1,7043,"14/10/2021 20:00"
2,7161,"14/10/2021 21:00"
1,7035,"14/10/2021 21:00"
1,7034,"14/10/2021 22:00"
2,7162,"14/10/2021 22:00"
2,7157,"14/10/2021 23:00"
1,7036,"14/10/2021 23:00"
1,7040,"15/10/2021 00:00"
2,7167,"15/10/2021 00:00"
2,7163,"15/10/2021 01:00"
1,7045,"15/10/2021 01:00"
2,7188,"15/10/2021 02:00"
1,7056,"15/10/2021 02:00"
2,7175,"15/10/2021 03:00"
1,7043,"15/10/2021 03:00"
2,7165,"15/10/2021 04:00"
1,7060,"15/10/2021 04:00"
1,7080,"15/10/2021 05:00"
2,7155,"15/10/2021 05:00"
2,7152,"15/10/2021 06:00"
1,7072,"15/10/2021 06:00"
2,7136,"15/10/2021 07:00"
1,7045,"15/10/2021 07:00"
2,7158,"15/10/2021 08:00"
1,7045,"15/10/2021 08:00"
2,7163,"15/10/2021 09:00"
1,7073,"15/10/2021 09:00"
2,7306,"15/10/2021 10:00"
1,7131,"15/10/2021 10:00"
2,7293,"15/10/2021 11:00"
1,6923,"15/10/2021 11:00"
2,7300,"15/10/2021 12:00"
1,6930,"15/10/2021 12:00"
2,7302,"15/10/2021 13:00"
1,6923,"15/10/2021 13:00"
2,7315,"15/10/2021 14:00"
1,6936,"15/10/2021 14:00"
2,7295,"15/10/2021 15:00"
1,6953,"15/10/2021 15:00"
1,6936,"15/10/2021 16:00"
2,7308,"15/10/2021 16:00"
2,7309,"15/10/2021 17:00"
1,6936,"15/10/2021 17:00"
1,6928,"15/10/2021 18:00"
2,7313,"15/10/2021 18:00"
2,7304,"15/10/2021 19:00"
1,6941,"15/10/2021 19:00"
2,7304,"15/10/2021 20:00"
1,6937,"15/10/2021 20:00"
1,6926,"15/10/2021 21:00"
2,7319,"15/10/2021 21:00"
2,7309,"15/10/2021 22:00"
1,6955,"15/10/2021 22:00"
2,7301,"15/10/2021 23:00"
1,6943,"15/10/2021 23:00"
2,7295,"16/10/2021 00:00"
1,6943,"16/10/2021 00:00"
2,7315,"16/10/2021 01:00"
1,6929,"16/10/2021 01:00"
2,7306,"16/10/2021 02:00"
1,6939,"16/10/2021 02:00"
2,7288,"16/10/2021 03:00"
1,6940,"16/10/2021 03:00"
2,7301,"16/10/2021 04:00"
1,6947,"16/10/2021 04:00"
2,7311,"16/10/2021 05:00"
1,6927,"16/10/2021 05:00"
2,7298,"16/10/2021 06:00"
1,6941,"16/10/2021 06:00"
2,7308,"16/10/2021 07:00"
1,6929,"16/10/2021 07:00"
2,7295,"16/10/2021 08:00"
1,6926,"16/10/2021 08:00"
2,7304,"16/10/2021 09:00"
1,6944,"16/10/2021 09:00"
1,6926,"16/10/2021 10:00"
2,7303,"16/10/2021 10:00"
2,7290,"16/10/2021 11:00"
1,6924,"16/10/2021 11:00"
2,7290,"16/10/2021 12:00"
1,6923,"16/10/2021 12:00"
2,7311,"16/10/2021 13:00"
1,6937,"16/10/2021 13:00"
2,7275,"16/10/2021 14:00"
1,6926,"16/10/2021 14:00"
1,6919,"16/10/2021 15:00"
2,7319,"16/10/2021 15:00"
2,7303,"16/10/2021 16:00"
1,6937,"16/10/2021 16:00"
2,7290,"16/10/2021 17:00"
1,6918,"16/10/2021 17:00"
2,7288,"16/10/2021 18:00"
1,6921,"16/10/2021 18:00"
2,7292,"16/10/2021 19:00"
1,6928,"16/10/2021 19:00"
2,7287,"16/10/2021 20:00"
1,6935,"16/10/2021 20:00"
1,6918,"16/10/2021 21:00"
2,7307,"16/10/2021 21:00"
2,7308,"16/10/2021 22:00"
1,6936,"16/10/2021 22:00"
2,7295,"16/10/2021 23:00"
1,6918,"16/10/2021 23:00"
2,7304,"17/10/2021 00:00"
1,6929,"17/10/2021 00:00"
2,7301,"17/10/2021 01:00"
1,6928,"17/10/2021 01:00"
2,7309,"17/10/2021 02:00"
1,6923,"17/10/2021 02:00"
2,7318,"17/10/2021 03:00"
1,6927,"17/10/2021 03:00"
1,6937,"17/10/2021 04:00"
2,7309,"17/10/2021 04:00"
2,7313,"17/10/2021 05:00"
1,6931,"17/10/2021 05:00"
2,7308,"17/10/2021 06:00"
1,6940,"17/10/2021 06:00"
2,7299,"17/10/2021 07:00"
1,6927,"17/10/2021 07:00"
2,7310,"17/10/2021 08:00"
1,6936,"17/10/2021 08:00"
2,7309,"17/10/2021 09:00"
1,6927,"17/10/2021 09:00"
2,7317,"17/10/2021 10:00"
1,6934,"17/10/2021 10:00"
2,7316,"17/10/2021 11:00"
1,6930,"17/10/2021 11:00"
2,7327,"17/10/2021 12:00"
1,6939,"17/10/2021 12:00"
2,7296,"17/10/2021 13:00"
1,6947,"17/10/2021 13:00"
2,7321,"17/10/2021 14:00"
1,6933,"17/10/2021 14:00"
1,6930,"17/10/2021 15:00"
2,7324,"17/10/2021 15:00"
2,7297,"17/10/2021 16:00"
1,6939,"17/10/2021 16:00"
1,6928,"17/10/2021 17:00"
2,7317,"17/10/2021 17:00"
2,7300,"17/10/2021 18:00"
1,6930,"17/10/2021 18:00"
2,7291,"17/10/2021 19:00"
1,6936,"17/10/2021 19:00"
2,7295,"17/10/2021 20:00"
1,6931,"17/10/2021 20:00"
2,7298,"17/10/2021 21:00"
1,6939,"17/10/2021 21:00"
1,6932,"17/10/2021 22:00"
2,7309,"17/10/2021 22:00"
2,7305,"17/10/2021 23:00"
1,6930,"17/10/2021 23:00"
2,7312,"18/10/2021 00:00"
1,6934,"18/10/2021 00:00"
2,7310,"18/10/2021 01:00"
1,6942,"18/10/2021 01:00"
2,7293,"18/10/2021 02:00"
1,6923,"18/10/2021 02:00"
2,7287,"18/10/2021 03:00"
1,6932,"18/10/2021 03:00"
1,6936,"18/10/2021 04:00"
2,7309,"18/10/2021 04:00"
2,7306,"18/10/2021 05:00"
1,6940,"18/10/2021 05:00"
1,6936,"18/10/2021 06:00"
2,7317,"18/10/2021 06:00"
2,7293,"18/10/2021 07:00"
1,6926,"18/10/2021 07:00"
2,7305,"18/10/2021 08:00"
1,6937,"18/10/2021 08:00"
2,7301,"18/10/2021 09:00"
1,6935,"18/10/2021 09:00"
2,7334,"18/10/2021 10:00"
1,6949,"18/10/2021 10:00"
1,6968,"18/10/2021 11:00"
2,7337,"18/10/2021 11:00"
2,7322,"18/10/2021 12:00"
1,6960,"18/10/2021 12:00"
2,7338,"18/10/2021 13:00"
1,6964,"18/10/2021 13:00"
2,7352,"18/10/2021 14:00"
1,6970,"18/10/2021 14:00"
2,7336,"18/10/2021 15:00"
1,6968,"18/10/2021 15:00"
2,7297,"18/10/2021 16:00"
1,6933,"18/10/2021 16:00"
1,6962,"18/10/2021 17:00"
2,7317,"18/10/2021 17:00"
2,7293,"18/10/2021 18:00"
1,6942,"18/10/2021 18:00"
1,6934,"18/10/2021 19:00"
2,7311,"18/10/2021 19:00"
2,7306,"18/10/2021 20:00"
1,6934,"18/10/2021 20:00"
2,7294,"18/10/2021 21:00"
1,6934,"18/10/2021 21:00"
2,7299,"18/10/2021 22:00"
1,6938,"18/10/2021 22:00"
2,7296,"18/10/2021 23:00"
1,6937,"18/10/2021 23:00"
1,6938,"19/10/2021 00:00"
2,7301,"19/10/2021 00:00"
2,7246,"19/10/2021 01:00"
1,6908,"19/10/2021 01:00"
2,7248,"19/10/2021 02:00"
1,6893,"19/10/2021 02:00"
2,7244,"19/10/2021 03:00"
1,6908,"19/10/2021 03:00"
2,7299,"19/10/2021 04:00"
1,6914,"19/10/2021 04:00"
2,7299,"19/10/2021 05:00"
1,6930,"19/10/2021 05:00"
2,7285,"19/10/2021 06:00"
1,6930,"19/10/2021 06:00"
2,7283,"19/10/2021 07:00"
1,6933,"19/10/2021 07:00"
2,7288,"19/10/2021 08:00"
1,6927,"19/10/2021 08:00"
2,7282,"19/10/2021 09:00"
1,6933,"19/10/2021 09:00"
2,7279,"19/10/2021 10:00"
1,6932,"19/10/2021 10:00"
2,7262,"19/10/2021 11:00"
1,6999,"19/10/2021 11:00"
2,7154,"19/10/2021 12:00"
1,7053,"19/10/2021 12:00"
2,7160,"19/10/2021 13:00"
1,7073,"19/10/2021 13:00"
1,7064,"19/10/2021 14:00"
2,7160,"19/10/2021 14:00"
2,7164,"19/10/2021 15:00"
1,7080,"19/10/2021 15:00"
2,7236,"19/10/2021 16:00"
1,7141,"19/10/2021 16:00"
2,7181,"19/10/2021 17:00"
1,7342,"19/10/2021 17:00"
2,7088,"19/10/2021 18:00"
1,7131,"19/10/2021 18:00"
1,7130,"19/10/2021 19:00"
2,7084,"19/10/2021 19:00"
2,7078,"19/10/2021 20:00"
1,7129,"19/10/2021 20:00"
2,7079,"19/10/2021 21:00"
1,7146,"19/10/2021 21:00"
2,7085,"19/10/2021 22:00"
1,7142,"19/10/2021 22:00"
2,7085,"19/10/2021 23:00"
1,7149,"19/10/2021 23:00"
1,7144,"20/10/2021 00:00"
2,7095,"20/10/2021 00:00"
2,7088,"20/10/2021 01:00"
1,7138,"20/10/2021 01:00"
2,7088,"20/10/2021 02:00"
1,7139,"20/10/2021 02:00"
2,7076,"20/10/2021 03:00"
1,7132,"20/10/2021 03:00"
2,7035,"20/10/2021 04:00"
1,6978,"20/10/2021 04:00"
1,7058,"20/10/2021 05:00"
2,7074,"20/10/2021 05:00"
2,7055,"20/10/2021 06:00"
1,7054,"20/10/2021 06:00"
2,7055,"20/10/2021 07:00"
1,7042,"20/10/2021 07:00"
2,7063,"20/10/2021 08:00"
1,7077,"20/10/2021 08:00"
2,7056,"20/10/2021 09:00"
1,7062,"20/10/2021 09:00"
2,7060,"20/10/2021 10:00"
1,7061,"20/10/2021 10:00"
1,7064,"20/10/2021 11:00"
2,7092,"20/10/2021 11:00"
2,7074,"20/10/2021 12:00"
1,7079,"20/10/2021 12:00"
1,7071,"20/10/2021 13:00"
2,7695,"20/10/2021 13:00"
2,7191,"20/10/2021 14:00"
1,6954,"20/10/2021 14:00"
2,7192,"20/10/2021 15:00"
1,6954,"20/10/2021 15:00"
2,7194,"20/10/2021 16:00"
1,6956,"20/10/2021 16:00"
2,7238,"20/10/2021 17:00"
1,7120,"20/10/2021 17:00"
1,7141,"20/10/2021 18:00"
2,6895,"20/10/2021 18:00"
2,6899,"20/10/2021 19:00"
1,7140,"20/10/2021 19:00"
2,6894,"20/10/2021 20:00"
1,7143,"20/10/2021 20:00"
2,6899,"20/10/2021 21:00"
1,7154,"20/10/2021 21:00"
2,6905,"20/10/2021 22:00"
1,7155,"20/10/2021 22:00"
2,6906,"20/10/2021 23:00"
1,7156,"20/10/2021 23:00"
2,6904,"21/10/2021 00:00"
1,7157,"21/10/2021 00:00"
2,6918,"21/10/2021 01:00"
1,7159,"21/10/2021 01:00"
1,7155,"21/10/2021 02:00"
2,6902,"21/10/2021 02:00"
2,6922,"21/10/2021 03:00"
1,7159,"21/10/2021 03:00"
1,7191,"21/10/2021 04:00"
2,6951,"21/10/2021 04:00"
2,6945,"21/10/2021 05:00"
1,7186,"21/10/2021 05:00"
2,6943,"21/10/2021 06:00"
1,7188,"21/10/2021 06:00"
1,7180,"21/10/2021 07:00"
2,6943,"21/10/2021 07:00"
2,6937,"21/10/2021 08:00"
1,7183,"21/10/2021 08:00"
2,6980,"21/10/2021 09:00"
1,7152,"21/10/2021 09:00"
2,6976,"21/10/2021 10:00"
1,7154,"21/10/2021 10:00"
2,6982,"21/10/2021 11:00"
1,7150,"21/10/2021 11:00"
2,6973,"21/10/2021 12:00"
1,7145,"21/10/2021 12:00"
2,6969,"21/10/2021 13:00"
1,7150,"21/10/2021 13:00"
2,6974,"21/10/2021 14:00"
1,7155,"21/10/2021 14:00"
2,6976,"21/10/2021 15:00"
1,7150,"21/10/2021 15:00"
2,6969,"21/10/2021 16:00"
1,7151,"21/10/2021 16:00"
1,7153,"21/10/2021 17:00"
2,6979,"21/10/2021 17:00"
2,6964,"21/10/2021 18:00"
1,7150,"21/10/2021 18:00"
2,6986,"21/10/2021 19:00"
1,7152,"21/10/2021 19:00"
2,6978,"21/10/2021 20:00"
1,7152,"21/10/2021 20:00"
2,6973,"21/10/2021 21:00"
1,7152,"21/10/2021 21:00"
2,6997,"21/10/2021 22:00"
1,7151,"21/10/2021 22:00"
2,6977,"21/10/2021 23:00"
1,7153,"21/10/2021 23:00"
2,6982,"22/10/2021 00:00"
1,7156,"22/10/2021 00:00"
2,6973,"22/10/2021 01:00"
1,7162,"22/10/2021 01:00"
2,6974,"22/10/2021 02:00"
1,7152,"22/10/2021 02:00"
2,6976,"22/10/2021 03:00"
1,7146,"22/10/2021 03:00"
2,6979,"22/10/2021 04:00"
1,7156,"22/10/2021 04:00"
2,6978,"22/10/2021 05:00"
1,7158,"22/10/2021 05:00"
1,7156,"22/10/2021 06:00"
2,6976,"22/10/2021 06:00"
2,6974,"22/10/2021 07:00"
1,7144,"22/10/2021 07:00"
2,6980,"22/10/2021 08:00"
1,7145,"22/10/2021 08:00"
2,6973,"22/10/2021 09:00"
1,7146,"22/10/2021 09:00"
2,6970,"22/10/2021 10:00"
1,7146,"22/10/2021 10:00"
2,6978,"22/10/2021 11:00"
1,7152,"22/10/2021 11:00"
2,6980,"22/10/2021 12:00"
1,7155,"22/10/2021 12:00"
2,6977,"22/10/2021 13:00"
1,7159,"22/10/2021 13:00"
2,6975,"22/10/2021 14:00"
1,7160,"22/10/2021 14:00"
2,6976,"22/10/2021 15:00"
1,7150,"22/10/2021 15:00"
2,6974,"22/10/2021 16:00"
1,7151,"22/10/2021 16:00"
2,6978,"22/10/2021 17:00"
1,7156,"22/10/2021 17:00"
2,6978,"22/10/2021 18:00"
1,7150,"22/10/2021 18:00"
1,7151,"22/10/2021 19:00"
2,6976,"22/10/2021 19:00"
2,6980,"22/10/2021 20:00"
1,7148,"22/10/2021 20:00"
2,6982,"22/10/2021 21:00"
1,7160,"22/10/2021 21:00"
2,6970,"22/10/2021 22:00"
1,7156,"22/10/2021 22:00"
2,6976,"22/10/2021 23:00"
1,7158,"22/10/2021 23:00"
1,7158,"23/10/2021 00:00"
2,6979,"23/10/2021 00:00"
2,6989,"23/10/2021 01:00"
1,7155,"23/10/2021 01:00"
2,6974,"23/10/2021 02:00"
1,7151,"23/10/2021 02:00"
2,6971,"23/10/2021 03:00"
1,7144,"23/10/2021 03:00"
2,6985,"23/10/2021 04:00"
1,7154,"23/10/2021 04:00"
2,6982,"23/10/2021 05:00"
1,7155,"23/10/2021 05:00"
1,7157,"23/10/2021 06:00"
2,6984,"23/10/2021 06:00"
2,6980,"23/10/2021 07:00"
1,7150,"23/10/2021 07:00"
1,7152,"23/10/2021 08:00"
2,6975,"23/10/2021 08:00"
2,6983,"23/10/2021 09:00"
1,7156,"23/10/2021 09:00"
2,6968,"23/10/2021 10:00"
1,7150,"23/10/2021 10:00"
2,6976,"23/10/2021 11:00"
1,7153,"23/10/2021 11:00"
2,6979,"23/10/2021 12:00"
1,7156,"23/10/2021 12:00"
1,7156,"23/10/2021 13:00"
2,6972,"23/10/2021 13:00"
2,6977,"23/10/2021 14:00"
1,7146,"23/10/2021 14:00"
2,6978,"23/10/2021 15:00"
1,7155,"23/10/2021 15:00"
2,6966,"23/10/2021 16:00"
1,7153,"23/10/2021 16:00"
2,6970,"23/10/2021 17:00"
1,7148,"23/10/2021 17:00"
2,6976,"23/10/2021 18:00"
1,7158,"23/10/2021 18:00"
1,7152,"23/10/2021 19:00"
2,6997,"23/10/2021 19:00"
2,6982,"23/10/2021 20:00"
1,7153,"23/10/2021 20:00"
1,7148,"23/10/2021 21:00"
2,6972,"23/10/2021 21:00"
2,6971,"23/10/2021 22:00"
1,7155,"23/10/2021 22:00"
2,6977,"23/10/2021 23:00"
1,7154,"23/10/2021 23:00"
2,6979,"24/10/2021 00:00"
1,7153,"24/10/2021 00:00"
2,6984,"24/10/2021 01:00"
1,7153,"24/10/2021 01:00"
2,6971,"24/10/2021 02:00"
1,7145,"24/10/2021 02:00"
2,6979,"24/10/2021 03:00"
1,7151,"24/10/2021 03:00"
2,6981,"24/10/2021 04:00"
1,7155,"24/10/2021 04:00"
2,6977,"24/10/2021 05:00"
1,7163,"24/10/2021 05:00"
2,6990,"24/10/2021 06:00"
1,7161,"24/10/2021 06:00"
2,6973,"24/10/2021 07:00"
1,7143,"24/10/2021 07:00"
2,6971,"24/10/2021 08:00"
1,7152,"24/10/2021 08:00"
2,6994,"24/10/2021 09:00"
1,7164,"24/10/2021 09:00"
1,7169,"24/10/2021 10:00"
2,6990,"24/10/2021 10:00"
2,6990,"24/10/2021 11:00"
1,7170,"24/10/2021 11:00"
2,6999,"24/10/2021 12:00"
1,7172,"24/10/2021 12:00"
2,7019,"24/10/2021 13:00"
1,7166,"24/10/2021 13:00"
2,6992,"24/10/2021 14:00"
1,7168,"24/10/2021 14:00"
1,7166,"24/10/2021 15:00"
2,6997,"24/10/2021 15:00"
2,7000,"24/10/2021 16:00"
1,7166,"24/10/2021 16:00"
2,6994,"24/10/2021 17:00"
1,7165,"24/10/2021 17:00"
2,6995,"24/10/2021 18:00"
1,7167,"24/10/2021 18:00"
2,7006,"24/10/2021 19:00"
1,7166,"24/10/2021 19:00"
2,7000,"24/10/2021 20:00"
1,7170,"24/10/2021 20:00"
2,7002,"24/10/2021 21:00"
1,7166,"24/10/2021 21:00"
2,7076,"24/10/2021 22:00"
1,7172,"24/10/2021 22:00"
1,7166,"24/10/2021 23:00"
2,7004,"24/10/2021 23:00"
2,7029,"25/10/2021 00:00"
1,7249,"25/10/2021 00:00"
1,7181,"25/10/2021 01:00"
2,7006,"25/10/2021 01:00"
2,7006,"25/10/2021 02:00"
1,7166,"25/10/2021 02:00"
2,7007,"25/10/2021 03:00"
1,7172,"25/10/2021 03:00"
1,7169,"25/10/2021 04:00"
2,7007,"25/10/2021 04:00"
2,7006,"25/10/2021 05:00"
1,7175,"25/10/2021 05:00"
2,7007,"25/10/2021 06:00"
1,7168,"25/10/2021 06:00"
2,7000,"25/10/2021 07:00"
1,7171,"25/10/2021 07:00"
2,7005,"25/10/2021 08:00"
1,7168,"25/10/2021 08:00"
2,7372,"25/10/2021 09:00"
1,7265,"25/10/2021 09:00"
2,7081,"25/10/2021 10:00"
1,7181,"25/10/2021 10:00"
2,7000,"25/10/2021 11:00"
1,7176,"25/10/2021 11:00"
2,7001,"25/10/2021 12:00"
1,7175,"25/10/2021 12:00"
2,7011,"25/10/2021 13:00"
1,7178,"25/10/2021 13:00"
2,7007,"25/10/2021 14:00"
1,7183,"25/10/2021 14:00"
2,6998,"25/10/2021 15:00"
1,7255,"25/10/2021 15:00"
2,6923,"25/10/2021 16:00"
1,7254,"25/10/2021 16:00"
2,6931,"25/10/2021 17:00"
1,7261,"25/10/2021 17:00"
2,6923,"25/10/2021 18:00"
1,7258,"25/10/2021 18:00"
2,6934,"25/10/2021 19:00"
1,7269,"25/10/2021 19:00"
1,7261,"25/10/2021 20:00"
2,6926,"25/10/2021 20:00"
2,6936,"25/10/2021 21:00"
1,7256,"25/10/2021 21:00"
2,6925,"25/10/2021 22:00"
1,7271,"25/10/2021 22:00"
2,6931,"25/10/2021 23:00"
1,7266,"25/10/2021 23:00"
2,6937,"26/10/2021 00:00"
1,7274,"26/10/2021 00:00"
1,7267,"26/10/2021 01:00"
2,6932,"26/10/2021 01:00"
2,6935,"26/10/2021 02:00"
1,7262,"26/10/2021 02:00"
1,7255,"26/10/2021 03:00"
2,6924,"26/10/2021 03:00"
2,6933,"26/10/2021 04:00"
1,7266,"26/10/2021 04:00"
2,6942,"26/10/2021 05:00"
1,7274,"26/10/2021 05:00"
2,6938,"26/10/2021 06:00"
1,7264,"26/10/2021 06:00"
2,6933,"26/10/2021 07:00"
1,7257,"26/10/2021 07:00"
1,7256,"26/10/2021 08:00"
2,7300,"26/10/2021 08:00"
2,7260,"26/10/2021 09:00"
1,7218,"26/10/2021 09:00"
2,7200,"26/10/2021 10:00"
1,6937,"26/10/2021 10:00"
2,7201,"26/10/2021 11:00"
1,6903,"26/10/2021 11:00"
2,7150,"26/10/2021 12:00"
1,6937,"26/10/2021 12:00"
2,7173,"26/10/2021 13:00"
1,6911,"26/10/2021 13:00"
1,6944,"26/10/2021 14:00"
2,7269,"26/10/2021 14:00"
2,7657,"26/10/2021 15:00"
1,6957,"26/10/2021 15:00"
2,7451,"26/10/2021 16:00"
1,7167,"26/10/2021 16:00"
2,7340,"26/10/2021 17:00"
1,6907,"26/10/2021 17:00"
2,7338,"26/10/2021 18:00"
1,6790,"26/10/2021 18:00"
