"INSTANCE","DATETIME","DATA"
1,"07/05/2020 00:00",1820
1,"07/05/2020 01:00",1822
1,"07/05/2020 02:01",1964
1,"07/05/2020 03:01",1944
1,"07/05/2020 04:01",1726
1,"07/05/2020 05:01",1822
1,"07/05/2020 06:01",1994
1,"07/05/2020 07:01",1925
1,"07/05/2020 08:01",2117
1,"07/05/2020 09:01",2069
1,"07/05/2020 10:00",1751
1,"07/05/2020 11:00",1952
1,"07/05/2020 12:00",1863
1,"07/05/2020 13:00",1863
1,"07/05/2020 14:00",1568
1,"07/05/2020 15:00",1974
1,"07/05/2020 16:00",2119
1,"07/05/2020 17:00",2096
1,"07/05/2020 18:00",1783
1,"07/05/2020 19:00",1640
1,"07/05/2020 20:00",2264
1,"07/05/2020 21:00",2241
1,"07/05/2020 22:00",2034
1,"07/05/2020 23:00",1686
1,"08/05/2020 00:00",2129
1,"08/05/2020 01:00",2045
1,"08/05/2020 02:01",1874
1,"08/05/2020 03:01",1816
1,"08/05/2020 04:01",2089
1,"08/05/2020 05:01",1835
1,"08/05/2020 06:01",2003
1,"08/05/2020 07:00",2262
1,"08/05/2020 08:00",1996
1,"08/05/2020 09:00",1902
1,"08/05/2020 10:00",1859
1,"08/05/2020 11:00",2092
1,"08/05/2020 12:00",1949
1,"08/05/2020 13:01",1772
1,"08/05/2020 14:01",1778
1,"08/05/2020 15:01",2190
1,"08/05/2020 16:01",1660
1,"08/05/2020 17:00",2348
1,"08/05/2020 18:00",1937
1,"08/05/2020 19:00",1689
1,"08/05/2020 20:00",2086
1,"08/05/2020 21:00",2781
1,"08/05/2020 22:00",2049
1,"08/05/2020 23:00",1885
1,"09/05/2020 00:00",1813
1,"09/05/2020 01:00",1930
1,"09/05/2020 02:00",2206
1,"09/05/2020 03:00",2061
1,"09/05/2020 04:00",1861
1,"09/05/2020 05:00",1964
1,"09/05/2020 06:00",1910
1,"09/05/2020 07:00",1879
1,"09/05/2020 08:00",2189
1,"09/05/2020 09:00",1833
1,"09/05/2020 10:00",2026
1,"09/05/2020 11:00",2007
1,"09/05/2020 12:01",1891
1,"09/05/2020 13:01",2135
1,"09/05/2020 14:01",1874
1,"09/05/2020 15:01",1935
1,"09/05/2020 16:01",1787
1,"09/05/2020 17:01",1873
1,"09/05/2020 18:00",1892
1,"09/05/2020 19:00",2038
1,"09/05/2020 20:01",2022
1,"09/05/2020 21:00",1969
1,"09/05/2020 22:01",1987
1,"09/05/2020 23:00",1816
1,"10/05/2020 00:00",1923
1,"10/05/2020 01:00",2078
1,"10/05/2020 02:00",2197
1,"10/05/2020 03:00",2007
1,"10/05/2020 04:00",2103
1,"10/05/2020 05:00",1705
1,"10/05/2020 06:00",2173
1,"10/05/2020 07:00",2207
1,"10/05/2020 08:00",1851
1,"10/05/2020 09:00",2106
1,"10/05/2020 10:00",1945
1,"10/05/2020 11:00",2123
1,"10/05/2020 12:00",1970
1,"10/05/2020 13:00",1965
1,"10/05/2020 14:01",1908
1,"10/05/2020 15:00",2232
1,"10/05/2020 16:00",1759
1,"10/05/2020 17:00",2120
1,"10/05/2020 18:00",2123
1,"10/05/2020 19:00",1976
1,"10/05/2020 20:01",2217
1,"10/05/2020 21:01",2066
1,"10/05/2020 22:01",1861
1,"10/05/2020 23:01",1950
1,"11/05/2020 00:01",2045
1,"11/05/2020 01:00",2301
1,"11/05/2020 02:00",2087
1,"11/05/2020 03:00",2031
1,"11/05/2020 04:01",2183
1,"11/05/2020 05:01",2255
1,"11/05/2020 06:00",2311
1,"11/05/2020 07:00",2346
1,"11/05/2020 08:00",2427
1,"11/05/2020 09:00",2219
1,"11/05/2020 10:00",1906
1,"11/05/2020 11:00",1913
1,"11/05/2020 12:00",2099
1,"11/05/2020 13:00",2376
1,"11/05/2020 14:00",2046
1,"11/05/2020 15:00",2131
1,"11/05/2020 16:00",2026
1,"11/05/2020 17:00",1848
1,"11/05/2020 18:00",2180
1,"11/05/2020 19:00",2179
1,"11/05/2020 20:01",1882
1,"11/05/2020 21:00",1796
1,"11/05/2020 22:00",2176
1,"11/05/2020 23:00",2114
1,"12/05/2020 00:00",2267
1,"12/05/2020 01:01",1925
1,"12/05/2020 02:01",2103
1,"12/05/2020 03:01",2238
1,"12/05/2020 04:01",2224
1,"12/05/2020 05:01",2467
1,"12/05/2020 06:01",2027
1,"12/05/2020 07:00",2054
1,"12/05/2020 08:00",2027
1,"12/05/2020 09:00",1858
1,"12/05/2020 10:00",2298
1,"12/05/2020 11:00",2300
1,"12/05/2020 12:00",2220
1,"12/05/2020 13:00",1835
1,"12/05/2020 14:00",1859
1,"12/05/2020 15:00",2230
1,"12/05/2020 16:00",1960
1,"12/05/2020 17:00",2102
1,"12/05/2020 18:00",2013
1,"12/05/2020 19:00",2148
1,"12/05/2020 20:00",2278
1,"12/05/2020 21:00",2297
1,"12/05/2020 22:00",1835
1,"12/05/2020 23:00",1638
1,"13/05/2020 00:01",1615
1,"13/05/2020 01:01",1756
1,"13/05/2020 02:01",1680
1,"13/05/2020 03:01",1994
1,"13/05/2020 04:01",1598
1,"13/05/2020 05:01",2360
1,"13/05/2020 06:00",1605
1,"13/05/2020 07:00",1729
1,"13/05/2020 08:00",1489
1,"13/05/2020 09:00",1611
1,"13/05/2020 10:00",1553
1,"13/05/2020 11:00",1911
1,"13/05/2020 12:00",1685
1,"13/05/2020 13:01",1728
1,"13/05/2020 14:01",1668
1,"13/05/2020 15:00",1953
1,"13/05/2020 16:00",2090
1,"13/05/2020 17:00",1813
1,"13/05/2020 18:00",1957
1,"13/05/2020 19:00",1568
1,"13/05/2020 20:00",2101
1,"13/05/2020 21:00",1805
1,"13/05/2020 22:00",1836
1,"13/05/2020 23:00",2208
1,"14/05/2020 00:00",1686
1,"14/05/2020 01:00",2133
1,"14/05/2020 02:00",1685
1,"14/05/2020 03:00",1781
1,"14/05/2020 04:00",1982
1,"14/05/2020 05:00",2328
1,"14/05/2020 06:00",1763
1,"14/05/2020 07:00",1729
1,"14/05/2020 08:00",2243
1,"14/05/2020 09:00",1929
1,"14/05/2020 10:01",1781
1,"14/05/2020 11:01",1940
1,"14/05/2020 12:01",1881
1,"14/05/2020 13:01",2027
1,"14/05/2020 14:01",2028
1,"14/05/2020 15:00",1694
1,"14/05/2020 16:00",1565
1,"14/05/2020 17:00",1886
1,"14/05/2020 18:00",2100
1,"14/05/2020 19:00",2006
1,"14/05/2020 20:00",2159
1,"14/05/2020 21:00",1896
1,"14/05/2020 22:00",1632
1,"14/05/2020 23:00",1773
1,"15/05/2020 00:00",1946
1,"15/05/2020 01:00",1683
1,"15/05/2020 02:00",1963
1,"15/05/2020 03:00",1827
1,"15/05/2020 04:00",1939
1,"15/05/2020 05:00",1831
1,"15/05/2020 06:00",1764
1,"15/05/2020 07:00",1445
1,"15/05/2020 08:01",1846
1,"15/05/2020 09:01",1837
1,"15/05/2020 10:01",1805
1,"15/05/2020 11:01",2010
1,"15/05/2020 12:01",1883
1,"15/05/2020 13:01",1954
1,"15/05/2020 14:00",2061
1,"15/05/2020 15:00",1551
1,"15/05/2020 16:00",1665
1,"15/05/2020 17:00",2156
1,"15/05/2020 18:00",1456
1,"15/05/2020 19:01",2002
1,"15/05/2020 20:01",2063
1,"15/05/2020 21:01",1811
1,"15/05/2020 22:01",1807
1,"15/05/2020 23:00",1906
1,"16/05/2020 00:00",2128
1,"16/05/2020 01:00",1770
1,"16/05/2020 02:00",1609
1,"16/05/2020 03:00",1750
1,"16/05/2020 04:00",2177
1,"16/05/2020 05:00",2342
1,"16/05/2020 06:00",1964
1,"16/05/2020 07:00",1566
1,"16/05/2020 08:00",1596
1,"16/05/2020 09:00",1627
1,"16/05/2020 10:00",1708
1,"16/05/2020 11:00",1698
1,"16/05/2020 12:00",1906
1,"16/05/2020 13:00",1682
1,"16/05/2020 14:00",1859
1,"16/05/2020 15:00",1813
1,"16/05/2020 16:00",1883
1,"16/05/2020 17:00",1837
1,"16/05/2020 18:01",1493
1,"16/05/2020 19:01",2055
1,"16/05/2020 20:01",1572
1,"16/05/2020 21:01",1895
1,"16/05/2020 22:01",1384
1,"16/05/2020 23:01",2061
1,"17/05/2020 00:00",1667
1,"17/05/2020 01:00",1639
1,"17/05/2020 02:00",1763
1,"17/05/2020 03:00",2003
1,"17/05/2020 04:00",2109
1,"17/05/2020 05:00",1744
1,"17/05/2020 06:00",1934
1,"17/05/2020 07:00",2023
1,"17/05/2020 08:00",1886
1,"17/05/2020 09:00",1814
1,"17/05/2020 10:00",1729
1,"17/05/2020 11:00",1891
1,"17/05/2020 12:00",1945
1,"17/05/2020 13:00",1834
1,"17/05/2020 14:00",1482
1,"17/05/2020 15:00",1618
1,"17/05/2020 16:00",2252
1,"17/05/2020 17:01",1809
1,"17/05/2020 18:01",1440
1,"17/05/2020 19:01",1728
1,"17/05/2020 20:01",1810
1,"17/05/2020 21:01",1993
1,"17/05/2020 22:01",2094
1,"17/05/2020 23:01",1950
1,"18/05/2020 00:00",2148
1,"18/05/2020 01:00",1817
1,"18/05/2020 02:00",1991
1,"18/05/2020 03:00",1886
1,"18/05/2020 04:00",2094
1,"18/05/2020 05:01",1666
1,"18/05/2020 06:01",2063
1,"18/05/2020 07:00",1710
1,"18/05/2020 08:00",1612
1,"18/05/2020 09:00",2459
1,"18/05/2020 10:00",2258
1,"18/05/2020 11:00",2609
1,"18/05/2020 12:00",1737
1,"18/05/2020 13:00",1881
1,"18/05/2020 14:00",1731
1,"18/05/2020 15:00",2009
1,"18/05/2020 16:00",2341
1,"18/05/2020 17:00",2360
1,"18/05/2020 18:00",2479
1,"18/05/2020 19:00",2350
1,"18/05/2020 20:00",1984
1,"18/05/2020 21:00",2347
1,"18/05/2020 22:00",2273
1,"18/05/2020 23:00",2047
1,"19/05/2020 00:00",1763
1,"19/05/2020 01:01",2457
1,"19/05/2020 02:01",1929
1,"19/05/2020 03:01",2006
1,"19/05/2020 04:01",1999
1,"19/05/2020 05:01",2328
1,"19/05/2020 06:00",2712
1,"19/05/2020 07:00",2224
1,"19/05/2020 08:00",1861
1,"19/05/2020 09:00",1945
1,"19/05/2020 10:00",1913
1,"19/05/2020 11:00",2339
1,"19/05/2020 12:00",1831
1,"19/05/2020 13:00",3299
1,"19/05/2020 14:00",1894
1,"19/05/2020 15:00",2473
1,"19/05/2020 16:00",1609
1,"19/05/2020 17:00",2172
1,"19/05/2020 18:00",2066
1,"19/05/2020 19:00",1487
1,"19/05/2020 20:00",2015
1,"19/05/2020 21:00",2197
1,"19/05/2020 22:00",1913
1,"19/05/2020 23:01",2757
1,"20/05/2020 00:01",5786
1,"20/05/2020 01:01",5948
1,"20/05/2020 02:01",6341
1,"20/05/2020 03:01",6047
1,"20/05/2020 04:00",5935
1,"20/05/2020 05:00",6408
1,"20/05/2020 06:00",6458
1,"20/05/2020 07:00",6828
1,"20/05/2020 08:00",3936
1,"20/05/2020 09:00",2196
1,"20/05/2020 10:01",2203
1,"20/05/2020 11:01",2215
1,"20/05/2020 12:00",1824
1,"20/05/2020 13:00",1808
1,"20/05/2020 14:00",2044
1,"20/05/2020 15:00",3781
1,"20/05/2020 16:00",3611
1,"20/05/2020 17:00",2280
1,"20/05/2020 18:00",2378
1,"20/05/2020 19:00",1968
1,"20/05/2020 20:00",1977
1,"20/05/2020 21:00",2192
1,"20/05/2020 22:00",2110
1,"20/05/2020 23:00",2215
1,"21/05/2020 00:01",1797
1,"21/05/2020 01:00",2105
1,"21/05/2020 02:00",1877
1,"21/05/2020 03:00",2200
1,"21/05/2020 04:00",2398
1,"21/05/2020 05:01",2221
1,"21/05/2020 06:01",2232
1,"21/05/2020 07:01",2269
1,"21/05/2020 08:01",1943
1,"21/05/2020 09:01",1832
1,"21/05/2020 10:01",1836
1,"21/05/2020 11:00",2117
1,"21/05/2020 12:00",2097
1,"21/05/2020 13:00",1620
1,"21/05/2020 14:00",2478
1,"21/05/2020 15:00",1876
1,"21/05/2020 16:00",2659
1,"21/05/2020 17:00",1900
1,"21/05/2020 18:00",2179
1,"21/05/2020 19:00",2498
1,"21/05/2020 20:00",2314
1,"21/05/2020 21:00",2134
1,"21/05/2020 22:00",2058
1,"21/05/2020 23:00",2038
1,"22/05/2020 00:00",1928
1,"22/05/2020 01:00",1698
1,"22/05/2020 02:01",1864
1,"22/05/2020 03:01",2198
1,"22/05/2020 04:01",2357
1,"22/05/2020 05:01",1808
1,"22/05/2020 06:01",2200
1,"22/05/2020 07:00",2358
1,"22/05/2020 08:00",2326
1,"22/05/2020 09:00",1935
1,"22/05/2020 10:00",2270
1,"22/05/2020 11:00",2454
1,"22/05/2020 12:01",2124
1,"22/05/2020 13:01",2346
1,"22/05/2020 14:01",2974
1,"22/05/2020 15:01",2376
1,"22/05/2020 16:00",2017
1,"22/05/2020 17:00",2285
1,"22/05/2020 18:00",2321
1,"22/05/2020 19:00",2127
1,"22/05/2020 20:00",2430
1,"22/05/2020 21:00",2598
1,"22/05/2020 22:00",2003
1,"22/05/2020 23:00",2288
1,"23/05/2020 00:00",2000
1,"23/05/2020 01:00",2898
1,"23/05/2020 02:00",2181
1,"23/05/2020 03:00",1907
1,"23/05/2020 04:00",2230
1,"23/05/2020 05:00",1677
1,"23/05/2020 06:00",2583
1,"23/05/2020 07:00",1621
1,"23/05/2020 08:00",2619
1,"23/05/2020 09:01",2515
1,"23/05/2020 10:01",2219
1,"23/05/2020 11:01",2709
1,"23/05/2020 12:01",2271
1,"23/05/2020 13:01",2147
1,"23/05/2020 14:01",2039
1,"23/05/2020 15:00",2136
1,"23/05/2020 16:00",1814
1,"23/05/2020 17:00",2283
1,"23/05/2020 18:00",1851
1,"23/05/2020 19:00",1753
1,"23/05/2020 20:00",1903
1,"23/05/2020 21:00",1916
1,"23/05/2020 22:00",1456
1,"23/05/2020 23:00",2055
1,"24/05/2020 00:00",2474
1,"24/05/2020 01:00",2099
1,"24/05/2020 02:00",2658
1,"24/05/2020 03:00",2209
1,"24/05/2020 04:00",2055
1,"24/05/2020 05:00",1785
1,"24/05/2020 06:01",1961
1,"24/05/2020 07:01",2221
1,"24/05/2020 08:01",2050
1,"24/05/2020 09:01",1961
1,"24/05/2020 10:01",2245
1,"24/05/2020 11:00",2283
1,"24/05/2020 12:00",1877
1,"24/05/2020 13:00",2374
1,"24/05/2020 14:00",1695
1,"24/05/2020 15:00",2070
1,"24/05/2020 16:01",2053
1,"24/05/2020 17:01",1967
1,"24/05/2020 18:01",2224
1,"24/05/2020 19:01",2378
1,"24/05/2020 20:00",2019
1,"24/05/2020 21:00",2557
1,"24/05/2020 22:00",1863
1,"24/05/2020 23:00",2235
1,"25/05/2020 00:00",1969
1,"25/05/2020 01:00",1899
1,"25/05/2020 02:00",2057
1,"25/05/2020 03:00",2327
1,"25/05/2020 04:00",2793
1,"25/05/2020 05:00",2346
1,"25/05/2020 06:00",2561
1,"25/05/2020 07:00",2488
1,"25/05/2020 08:00",2543
1,"25/05/2020 09:00",2791
1,"25/05/2020 10:01",2582
1,"25/05/2020 11:01",2158
1,"25/05/2020 12:01",2056
1,"25/05/2020 13:01",1946
1,"25/05/2020 14:00",2086
1,"25/05/2020 15:00",1833
1,"25/05/2020 16:00",2053
1,"25/05/2020 17:00",2242
1,"25/05/2020 18:00",2673
1,"25/05/2020 19:01",2043
1,"25/05/2020 20:01",2289
1,"25/05/2020 21:01",2182
1,"25/05/2020 22:00",1892
1,"25/05/2020 23:00",2038
1,"26/05/2020 00:00",2095
1,"26/05/2020 01:00",2324
1,"26/05/2020 02:00",2110
1,"26/05/2020 03:00",2421
1,"26/05/2020 04:00",2859
1,"26/05/2020 05:00",2595
1,"26/05/2020 06:00",3137
1,"26/05/2020 07:00",2176
1,"26/05/2020 08:00",1515
1,"26/05/2020 09:00",1563
1,"26/05/2020 10:00",1632
1,"26/05/2020 11:00",2673
1,"26/05/2020 12:00",2976
1,"26/05/2020 13:00",2909
1,"26/05/2020 14:00",2995
1,"26/05/2020 15:01",3452
1,"26/05/2020 16:01",3003
1,"26/05/2020 17:01",2507
1,"26/05/2020 18:01",4062
1,"26/05/2020 19:01",2382
1,"26/05/2020 20:00",2224
1,"26/05/2020 21:00",2703
1,"26/05/2020 22:00",2690
1,"26/05/2020 23:00",2292
1,"27/05/2020 00:00",2859
1,"27/05/2020 01:00",2001
1,"27/05/2020 02:00",2534
1,"27/05/2020 03:00",2937
1,"27/05/2020 04:00",2683
1,"27/05/2020 05:00",2764
1,"27/05/2020 06:00",2944
1,"27/05/2020 07:00",2495
1,"27/05/2020 08:00",3112
1,"27/05/2020 09:00",2900
1,"27/05/2020 10:00",2984
1,"27/05/2020 11:01",2510
1,"27/05/2020 12:01",2238
1,"27/05/2020 13:01",2088
1,"27/05/2020 14:01",2755
1,"27/05/2020 15:00",3353
1,"27/05/2020 16:00",3361
1,"27/05/2020 17:00",2007
1,"27/05/2020 18:00",2993
1,"27/05/2020 19:01",2424
1,"27/05/2020 20:01",2237
1,"27/05/2020 21:01",2925
1,"27/05/2020 22:01",2496
1,"27/05/2020 23:00",2648
1,"28/05/2020 00:00",2787
1,"28/05/2020 01:00",2293
1,"28/05/2020 02:00",2951
1,"28/05/2020 03:00",3230
1,"28/05/2020 04:00",2911
1,"28/05/2020 05:00",3059
1,"28/05/2020 06:00",2591
1,"28/05/2020 07:00",2500
1,"28/05/2020 08:00",2507
1,"28/05/2020 09:00",3564
1,"28/05/2020 10:00",2721
1,"28/05/2020 11:00",2312
1,"28/05/2020 12:00",2670
1,"28/05/2020 13:00",2287
1,"28/05/2020 14:01",3415
1,"28/05/2020 15:01",2673
1,"28/05/2020 16:01",2274
1,"28/05/2020 17:01",2365
1,"28/05/2020 18:01",2578
1,"28/05/2020 19:01",2179
1,"28/05/2020 20:00",2352
1,"28/05/2020 21:00",2238
1,"28/05/2020 22:00",2119
1,"28/05/2020 23:00",3502
1,"29/05/2020 00:00",2812
1,"29/05/2020 01:00",3306
1,"29/05/2020 02:00",2697
1,"29/05/2020 03:00",2558
1,"29/05/2020 04:00",2823
1,"29/05/2020 05:00",2036
1,"29/05/2020 06:00",3038
1,"29/05/2020 07:00",2291
1,"29/05/2020 08:00",2183
1,"29/05/2020 09:00",2488
1,"29/05/2020 10:00",3022
1,"29/05/2020 11:00",2588
1,"29/05/2020 12:00",2549
1,"29/05/2020 13:01",2291
1,"29/05/2020 14:01",2416
1,"29/05/2020 15:00",2404
1,"29/05/2020 16:00",2896
1,"29/05/2020 17:00",2393
1,"29/05/2020 18:00",2409
1,"29/05/2020 19:00",3088
1,"29/05/2020 20:01",3510
1,"29/05/2020 21:01",3182
1,"29/05/2020 22:01",3104
1,"29/05/2020 23:01",2986
1,"30/05/2020 00:01",2007
1,"30/05/2020 01:00",3236
1,"30/05/2020 02:00",2203
1,"30/05/2020 03:00",2934
1,"30/05/2020 04:00",3461
1,"30/05/2020 05:00",3045
1,"30/05/2020 06:00",3141
1,"30/05/2020 07:00",2415
1,"30/05/2020 08:00",2679
1,"30/05/2020 09:00",2773
1,"30/05/2020 10:00",2964
1,"30/05/2020 11:00",2231
1,"30/05/2020 12:00",2643
1,"30/05/2020 13:00",3094
1,"30/05/2020 14:01",2179
1,"30/05/2020 15:01",2375
1,"30/05/2020 16:00",3330
1,"30/05/2020 17:00",3282
1,"30/05/2020 18:00",2950
1,"30/05/2020 19:00",3074
1,"30/05/2020 20:00",3212
1,"30/05/2020 21:01",3442
1,"30/05/2020 22:01",2579
1,"30/05/2020 23:01",3059
1,"31/05/2020 00:01",2175
1,"31/05/2020 01:00",2956
1,"31/05/2020 02:00",3515
1,"31/05/2020 03:00",3040
1,"31/05/2020 04:00",2898
1,"31/05/2020 05:00",3308
1,"31/05/2020 06:00",2884
1,"31/05/2020 07:00",3053
1,"31/05/2020 08:00",2895
1,"31/05/2020 09:00",3158
1,"31/05/2020 10:00",2313
1,"31/05/2020 11:00",3482
1,"31/05/2020 12:00",3358
1,"31/05/2020 13:00",3509
1,"31/05/2020 14:00",3070
1,"31/05/2020 15:00",1789
1,"31/05/2020 16:00",3350
1,"31/05/2020 17:00",3361
1,"31/05/2020 18:01",3326
1,"31/05/2020 19:01",2011
1,"31/05/2020 20:01",3148
1,"31/05/2020 21:01",3473
1,"31/05/2020 22:01",3407
1,"31/05/2020 23:00",3055
1,"01/06/2020 00:00",3342
1,"01/06/2020 01:00",2982
1,"01/06/2020 02:01",3306
1,"01/06/2020 03:01",3028
1,"01/06/2020 04:00",2870
1,"01/06/2020 05:00",2867
1,"01/06/2020 06:00",2788
1,"01/06/2020 07:00",3782
1,"01/06/2020 08:00",3239
1,"01/06/2020 09:00",3521
1,"01/06/2020 10:00",2524
1,"01/06/2020 11:00",2209
1,"01/06/2020 12:00",2756
1,"01/06/2020 13:00",2497
1,"01/06/2020 14:00",2693
1,"01/06/2020 15:00",2737
1,"01/06/2020 16:01",2381
1,"01/06/2020 17:00",2618
1,"01/06/2020 18:00",2502
1,"01/06/2020 19:00",1766
1,"01/06/2020 20:00",724
1,"01/06/2020 21:00",1042
1,"01/06/2020 22:01",1993
1,"01/06/2020 23:01",2141
1,"02/06/2020 00:01",2182
1,"02/06/2020 01:01",2252
1,"02/06/2020 02:01",2303
1,"02/06/2020 03:01",2321
1,"02/06/2020 04:00",2046
1,"02/06/2020 05:00",2187
1,"02/06/2020 06:00",2462
1,"02/06/2020 07:00",2432
1,"02/06/2020 08:00",2406
1,"02/06/2020 09:00",2105
1,"02/06/2020 10:00",2290
1,"02/06/2020 11:00",2311
1,"02/06/2020 12:00",1884
1,"02/06/2020 13:00",1702
1,"02/06/2020 14:00",1984
1,"02/06/2020 15:00",2140
1,"02/06/2020 16:00",2293
1,"02/06/2020 17:00",2416
1,"02/06/2020 18:01",2203
1,"02/06/2020 19:01",2367
1,"02/06/2020 20:01",2374
1,"02/06/2020 21:01",2459
1,"02/06/2020 22:01",2017
1,"02/06/2020 23:00",2439
1,"03/06/2020 00:00",2288
1,"03/06/2020 01:00",2452
1,"03/06/2020 02:00",2387
1,"03/06/2020 03:00",2540
1,"03/06/2020 04:00",2219
1,"03/06/2020 05:00",2559
1,"03/06/2020 06:00",2307
1,"03/06/2020 07:00",2366
1,"03/06/2020 08:00",2356
1,"03/06/2020 09:00",2388
1,"03/06/2020 10:00",2200
1,"03/06/2020 11:00",2455
1,"03/06/2020 12:00",2489
1,"03/06/2020 13:00",2816
1,"03/06/2020 14:00",2486
1,"03/06/2020 15:00",3276
1,"03/06/2020 16:01",3114
1,"03/06/2020 17:01",2803
1,"03/06/2020 18:00",2752
1,"03/06/2020 19:00",2562
1,"03/06/2020 20:00",3006
1,"03/06/2020 21:00",3577
1,"03/06/2020 22:00",2364
1,"03/06/2020 23:01",2498
1,"04/06/2020 00:01",2907
1,"04/06/2020 01:01",3178
1,"04/06/2020 02:00",2875
1,"04/06/2020 03:00",3012
1,"04/06/2020 04:00",2781
1,"04/06/2020 05:00",2604
1,"04/06/2020 06:00",2328
1,"04/06/2020 07:00",2838
1,"04/06/2020 08:00",2327
1,"04/06/2020 09:00",2373
1,"04/06/2020 10:00",2793
1,"04/06/2020 11:00",2795
1,"04/06/2020 12:00",2838
1,"04/06/2020 13:00",2512
1,"04/06/2020 14:00",3273
1,"04/06/2020 15:01",2919
1,"04/06/2020 16:01",2763
1,"04/06/2020 17:01",2831
1,"04/06/2020 18:01",2220
1,"04/06/2020 19:01",2180
1,"04/06/2020 20:01",2755
1,"04/06/2020 21:00",2679
1,"04/06/2020 22:00",2673
1,"04/06/2020 23:00",2374
1,"05/06/2020 00:00",3000
1,"05/06/2020 01:00",2290
1,"05/06/2020 02:01",2340
1,"05/06/2020 03:01",2762
1,"05/06/2020 04:00",2457
1,"05/06/2020 05:00",2597
1,"05/06/2020 06:00",2784
1,"05/06/2020 07:00",3039
1,"05/06/2020 08:00",2809
1,"05/06/2020 09:00",3204
1,"05/06/2020 10:00",2983
1,"05/06/2020 11:00",3229
1,"05/06/2020 12:00",3035
1,"05/06/2020 13:00",2718
1,"05/06/2020 14:00",2893
1,"05/06/2020 15:00",2998
1,"05/06/2020 16:00",2889
1,"05/06/2020 17:00",2736
1,"05/06/2020 18:00",2701
1,"05/06/2020 19:00",2537
1,"05/06/2020 20:00",2624
1,"05/06/2020 21:01",2542
1,"05/06/2020 22:01",2625
1,"05/06/2020 23:01",2164
1,"06/06/2020 00:01",2995
1,"06/06/2020 01:00",2691
1,"06/06/2020 02:00",4955
1,"06/06/2020 03:00",5856
1,"06/06/2020 04:00",2905
1,"06/06/2020 05:00",2979
1,"06/06/2020 06:00",2996
1,"06/06/2020 07:00",2866
1,"06/06/2020 08:00",2968
1,"06/06/2020 09:00",2961
2,"07/05/2020 00:00",242
2,"07/05/2020 01:00",149
2,"07/05/2020 02:01",213
2,"07/05/2020 03:01",142
2,"07/05/2020 04:01",131
2,"07/05/2020 05:01",140
2,"07/05/2020 06:01",190
2,"07/05/2020 07:01",293
2,"07/05/2020 08:01",211
2,"07/05/2020 09:01",216
2,"07/05/2020 10:00",300
2,"07/05/2020 11:00",233
2,"07/05/2020 12:00",227
2,"07/05/2020 13:00",279
2,"07/05/2020 14:00",390
2,"07/05/2020 15:00",300
2,"07/05/2020 16:00",421
2,"07/05/2020 17:00",316
2,"07/05/2020 18:00",346
2,"07/05/2020 19:00",263
2,"07/05/2020 20:00",402
2,"07/05/2020 21:00",376
2,"07/05/2020 22:00",703
2,"07/05/2020 23:00",181
2,"08/05/2020 00:00",222
2,"08/05/2020 01:00",218
2,"08/05/2020 02:01",281
2,"08/05/2020 03:01",159
2,"08/05/2020 04:01",184
2,"08/05/2020 05:01",255
2,"08/05/2020 06:01",232
2,"08/05/2020 07:00",214
2,"08/05/2020 08:00",224
2,"08/05/2020 09:00",431
2,"08/05/2020 10:00",240
2,"08/05/2020 11:00",225
2,"08/05/2020 12:00",299
2,"08/05/2020 13:01",436
2,"08/05/2020 14:01",283
2,"08/05/2020 15:01",234
2,"08/05/2020 16:01",206
2,"08/05/2020 17:00",272
2,"08/05/2020 18:00",227
2,"08/05/2020 19:00",247
2,"08/05/2020 20:00",223
2,"08/05/2020 21:00",219
2,"08/05/2020 22:00",490
2,"08/05/2020 23:00",276
2,"09/05/2020 00:00",242
2,"09/05/2020 01:00",308
2,"09/05/2020 02:00",180
2,"09/05/2020 03:00",184
2,"09/05/2020 04:00",180
2,"09/05/2020 05:00",288
2,"09/05/2020 06:00",370
2,"09/05/2020 07:00",269
2,"09/05/2020 08:00",245
2,"09/05/2020 09:00",259
2,"09/05/2020 10:00",671
2,"09/05/2020 11:00",163
2,"09/05/2020 12:01",203
2,"09/05/2020 13:01",183
2,"09/05/2020 14:01",344
2,"09/05/2020 15:01",279
2,"09/05/2020 16:01",180
2,"09/05/2020 17:01",160
2,"09/05/2020 18:00",281
2,"09/05/2020 19:00",198
2,"09/05/2020 20:01",181
2,"09/05/2020 21:00",208
2,"09/05/2020 22:01",260
2,"09/05/2020 23:00",282
2,"10/05/2020 00:00",318
2,"10/05/2020 01:00",213
2,"10/05/2020 02:00",186
2,"10/05/2020 03:00",211
2,"10/05/2020 04:00",160
2,"10/05/2020 05:00",268
2,"10/05/2020 06:00",669
2,"10/05/2020 07:00",300
2,"10/05/2020 08:00",264
2,"10/05/2020 09:00",244
2,"10/05/2020 10:00",289
2,"10/05/2020 11:00",178
2,"10/05/2020 12:00",192
2,"10/05/2020 13:00",311
2,"10/05/2020 14:01",348
2,"10/05/2020 15:00",207
2,"10/05/2020 16:00",182
2,"10/05/2020 17:00",594
2,"10/05/2020 18:00",539
2,"10/05/2020 19:00",127
2,"10/05/2020 20:01",132
2,"10/05/2020 21:01",170
2,"10/05/2020 22:01",242
2,"10/05/2020 23:01",129
2,"11/05/2020 00:01",128
2,"11/05/2020 01:00",138
2,"11/05/2020 02:00",154
2,"11/05/2020 03:00",134
2,"11/05/2020 04:01",252
2,"11/05/2020 05:01",158
2,"11/05/2020 06:00",206
2,"11/05/2020 07:00",155
2,"11/05/2020 08:00",177
2,"11/05/2020 09:00",263
2,"11/05/2020 10:00",226
2,"11/05/2020 11:00",182
2,"11/05/2020 12:00",179
2,"11/05/2020 13:00",233
2,"11/05/2020 14:00",205
2,"11/05/2020 15:00",231
2,"11/05/2020 16:00",212
2,"11/05/2020 17:00",436
2,"11/05/2020 18:00",143
2,"11/05/2020 19:00",170
2,"11/05/2020 20:01",819
2,"11/05/2020 21:00",468
2,"11/05/2020 22:00",585
2,"11/05/2020 23:00",204
2,"12/05/2020 00:00",266
2,"12/05/2020 01:01",294
2,"12/05/2020 02:01",163
2,"12/05/2020 03:01",145
2,"12/05/2020 04:01",153
2,"12/05/2020 05:01",188
2,"12/05/2020 06:01",248
2,"12/05/2020 07:00",225
2,"12/05/2020 08:00",363
2,"12/05/2020 09:00",652
2,"12/05/2020 10:00",4628
2,"12/05/2020 11:00",397
2,"12/05/2020 12:00",196
2,"12/05/2020 13:00",351
2,"12/05/2020 14:00",317
2,"12/05/2020 15:00",232
2,"12/05/2020 16:00",233
2,"12/05/2020 17:00",230
2,"12/05/2020 18:00",176
2,"12/05/2020 19:00",352
2,"12/05/2020 20:00",342
2,"12/05/2020 21:00",154
2,"12/05/2020 22:00",815
2,"12/05/2020 23:00",835
2,"13/05/2020 00:01",802
2,"13/05/2020 01:01",779
2,"13/05/2020 02:01",742
2,"13/05/2020 03:01",604
2,"13/05/2020 04:01",721
2,"13/05/2020 05:01",328
2,"13/05/2020 06:00",840
2,"13/05/2020 07:00",757
2,"13/05/2020 08:00",741
2,"13/05/2020 09:00",829
2,"13/05/2020 10:00",791
2,"13/05/2020 11:00",488
2,"13/05/2020 12:00",639
2,"13/05/2020 13:01",832
2,"13/05/2020 14:01",881
2,"13/05/2020 15:00",773
2,"13/05/2020 16:00",517
2,"13/05/2020 17:00",808
2,"13/05/2020 18:00",751
2,"13/05/2020 19:00",713
2,"13/05/2020 20:00",411
2,"13/05/2020 21:00",787
2,"13/05/2020 22:00",1253
2,"13/05/2020 23:00",743
2,"14/05/2020 00:00",940
2,"14/05/2020 01:00",739
2,"14/05/2020 02:00",818
2,"14/05/2020 03:00",619
2,"14/05/2020 04:00",806
2,"14/05/2020 05:00",322
2,"14/05/2020 06:00",735
2,"14/05/2020 07:00",653
2,"14/05/2020 08:00",386
2,"14/05/2020 09:00",752
2,"14/05/2020 10:01",838
2,"14/05/2020 11:01",666
2,"14/05/2020 12:01",704
2,"14/05/2020 13:01",549
2,"14/05/2020 14:01",540
2,"14/05/2020 15:00",907
2,"14/05/2020 16:00",970
2,"14/05/2020 17:00",792
2,"14/05/2020 18:00",879
2,"14/05/2020 19:00",919
2,"14/05/2020 20:00",568
2,"14/05/2020 21:00",697
2,"14/05/2020 22:00",1244
2,"14/05/2020 23:00",1014
2,"15/05/2020 00:00",646
2,"15/05/2020 01:00",866
2,"15/05/2020 02:00",874
2,"15/05/2020 03:00",673
2,"15/05/2020 04:00",675
2,"15/05/2020 05:00",697
2,"15/05/2020 06:00",964
2,"15/05/2020 07:00",885
2,"15/05/2020 08:01",721
2,"15/05/2020 09:01",735
2,"15/05/2020 10:01",874
2,"15/05/2020 11:01",689
2,"15/05/2020 12:01",753
2,"15/05/2020 13:01",756
2,"15/05/2020 14:00",965
2,"15/05/2020 15:00",1010
2,"15/05/2020 16:00",1032
2,"15/05/2020 17:00",588
2,"15/05/2020 18:00",959
2,"15/05/2020 19:01",795
2,"15/05/2020 20:01",1079
2,"15/05/2020 21:01",1152
2,"15/05/2020 22:01",1378
2,"15/05/2020 23:00",833
2,"16/05/2020 00:00",845
2,"16/05/2020 01:00",734
2,"16/05/2020 02:00",930
2,"16/05/2020 03:00",936
2,"16/05/2020 04:00",742
2,"16/05/2020 05:00",403
2,"16/05/2020 06:00",926
2,"16/05/2020 07:00",954
2,"16/05/2020 08:00",944
2,"16/05/2020 09:00",1037
2,"16/05/2020 10:00",1010
2,"16/05/2020 11:00",951
2,"16/05/2020 12:00",752
2,"16/05/2020 13:00",979
2,"16/05/2020 14:00",833
2,"16/05/2020 15:00",959
2,"16/05/2020 16:00",761
2,"16/05/2020 17:00",956
2,"16/05/2020 18:01",1537
2,"16/05/2020 19:01",646
2,"16/05/2020 20:01",1003
2,"16/05/2020 21:01",771
2,"16/05/2020 22:01",1085
2,"16/05/2020 23:01",560
2,"17/05/2020 00:00",757
2,"17/05/2020 01:00",758
2,"17/05/2020 02:00",945
2,"17/05/2020 03:00",767
2,"17/05/2020 04:00",552
2,"17/05/2020 05:00",998
2,"17/05/2020 06:00",973
2,"17/05/2020 07:00",781
2,"17/05/2020 08:00",808
2,"17/05/2020 09:00",1177
2,"17/05/2020 10:00",5410
2,"17/05/2020 11:00",960
2,"17/05/2020 12:00",771
2,"17/05/2020 13:00",962
2,"17/05/2020 14:00",866
2,"17/05/2020 15:00",767
2,"17/05/2020 16:00",557
2,"17/05/2020 17:01",978
2,"17/05/2020 18:01",1480
2,"17/05/2020 19:01",766
2,"17/05/2020 20:01",779
2,"17/05/2020 21:01",751
2,"17/05/2020 22:01",1190
2,"17/05/2020 23:01",768
2,"18/05/2020 00:00",764
2,"18/05/2020 01:00",766
2,"18/05/2020 02:00",758
2,"18/05/2020 03:00",977
2,"18/05/2020 04:00",767
2,"18/05/2020 05:01",998
2,"18/05/2020 06:01",919
2,"18/05/2020 07:00",1036
2,"18/05/2020 08:00",1076
2,"18/05/2020 09:00",528
2,"18/05/2020 10:00",921
2,"18/05/2020 11:00",642
2,"18/05/2020 12:00",1103
2,"18/05/2020 13:00",812
2,"18/05/2020 14:00",1104
2,"18/05/2020 15:00",912
2,"18/05/2020 16:00",906
2,"18/05/2020 17:00",868
2,"18/05/2020 18:00",684
2,"18/05/2020 19:00",579
2,"18/05/2020 20:00",835
2,"18/05/2020 21:00",879
2,"18/05/2020 22:00",1218
2,"18/05/2020 23:00",1318
2,"19/05/2020 00:00",1066
2,"19/05/2020 01:01",591
2,"19/05/2020 02:01",798
2,"19/05/2020 03:01",832
2,"19/05/2020 04:01",801
2,"19/05/2020 05:01",615
2,"19/05/2020 06:00",524
2,"19/05/2020 07:00",855
2,"19/05/2020 08:00",1110
2,"19/05/2020 09:00",899
2,"19/05/2020 10:00",830
2,"19/05/2020 11:00",865
2,"19/05/2020 12:00",1098
2,"19/05/2020 13:00",910
2,"19/05/2020 14:00",908
2,"19/05/2020 15:00",708
2,"19/05/2020 16:00",931
2,"19/05/2020 17:00",993
2,"19/05/2020 18:00",989
2,"19/05/2020 19:00",1150
2,"19/05/2020 20:00",954
2,"19/05/2020 21:00",1255
2,"19/05/2020 22:00",1399
2,"19/05/2020 23:01",1178
2,"20/05/2020 00:01",966
2,"20/05/2020 01:01",846
2,"20/05/2020 02:01",888
2,"20/05/2020 03:01",889
2,"20/05/2020 04:00",1145
2,"20/05/2020 05:00",913
2,"20/05/2020 06:00",1060
2,"20/05/2020 07:00",642
2,"20/05/2020 08:00",1137
2,"20/05/2020 09:00",1102
2,"20/05/2020 10:01",1159
2,"20/05/2020 11:01",438
2,"20/05/2020 12:00",922
2,"20/05/2020 13:00",1202
2,"20/05/2020 14:00",1221
2,"20/05/2020 15:00",1040
2,"20/05/2020 16:00",476
2,"20/05/2020 17:00",1046
2,"20/05/2020 18:00",428
2,"20/05/2020 19:00",945
2,"20/05/2020 20:00",976
2,"20/05/2020 21:00",700
2,"20/05/2020 22:00",1516
2,"20/05/2020 23:00",1217
2,"21/05/2020 00:01",1247
2,"21/05/2020 01:00",1187
2,"21/05/2020 02:00",1148
2,"21/05/2020 03:00",887
2,"21/05/2020 04:00",652
2,"21/05/2020 05:01",671
2,"21/05/2020 06:01",797
2,"21/05/2020 07:01",957
2,"21/05/2020 08:01",1176
2,"21/05/2020 09:01",1241
2,"21/05/2020 10:01",1163
2,"21/05/2020 11:00",1219
2,"21/05/2020 12:00",1232
2,"21/05/2020 13:00",1258
2,"21/05/2020 14:00",655
2,"21/05/2020 15:00",1249
2,"21/05/2020 16:00",731
2,"21/05/2020 17:00",1206
2,"21/05/2020 18:00",1016
2,"21/05/2020 19:00",939
2,"21/05/2020 20:00",676
2,"21/05/2020 21:00",1267
2,"21/05/2020 22:00",1355
2,"21/05/2020 23:00",1556
2,"22/05/2020 00:00",964
2,"22/05/2020 01:00",1279
2,"22/05/2020 02:01",1235
2,"22/05/2020 03:01",984
2,"22/05/2020 04:01",683
2,"22/05/2020 05:01",1250
2,"22/05/2020 06:01",1406
2,"22/05/2020 07:00",968
2,"22/05/2020 08:00",996
2,"22/05/2020 09:00",1362
2,"22/05/2020 10:00",1046
2,"22/05/2020 11:00",1020
2,"22/05/2020 12:01",1314
2,"22/05/2020 13:01",1026
2,"22/05/2020 14:01",489
2,"22/05/2020 15:01",724
2,"22/05/2020 16:00",1032
2,"22/05/2020 17:00",1051
2,"22/05/2020 18:00",1023
2,"22/05/2020 19:00",1036
2,"22/05/2020 20:00",799
2,"22/05/2020 21:00",499
2,"22/05/2020 22:00",1392
2,"22/05/2020 23:00",1081
2,"23/05/2020 00:00",1318
2,"23/05/2020 01:00",197
2,"23/05/2020 02:00",1299
2,"23/05/2020 03:00",1262
2,"23/05/2020 04:00",1028
2,"23/05/2020 05:00",1275
2,"23/05/2020 06:00",1155
2,"23/05/2020 07:00",1423
2,"23/05/2020 08:00",709
2,"23/05/2020 09:01",789
2,"23/05/2020 10:01",1049
2,"23/05/2020 11:01",730
2,"23/05/2020 12:01",1328
2,"23/05/2020 13:01",1372
2,"23/05/2020 14:01",1368
2,"23/05/2020 15:00",1038
2,"23/05/2020 16:00",1355
2,"23/05/2020 17:00",1021
2,"23/05/2020 18:00",1356
2,"23/05/2020 19:00",1345
2,"23/05/2020 20:00",1305
2,"23/05/2020 21:00",1024
2,"23/05/2020 22:00",1523
2,"23/05/2020 23:00",1030
2,"24/05/2020 00:00",1045
2,"24/05/2020 01:00",1047
2,"24/05/2020 02:00",451
2,"24/05/2020 03:00",1081
2,"24/05/2020 04:00",1313
2,"24/05/2020 05:00",1337
2,"24/05/2020 06:01",1699
2,"24/05/2020 07:01",1053
2,"24/05/2020 08:01",1309
2,"24/05/2020 09:01",1122
2,"24/05/2020 10:01",1168
2,"24/05/2020 11:00",760
2,"24/05/2020 12:00",1321
2,"24/05/2020 13:00",1038
2,"24/05/2020 14:00",1841
2,"24/05/2020 15:00",1389
2,"24/05/2020 16:01",1346
2,"24/05/2020 17:01",1370
2,"24/05/2020 18:01",1166
2,"24/05/2020 19:01",740
2,"24/05/2020 20:00",1353
2,"24/05/2020 21:00",1078
2,"24/05/2020 22:00",1420
2,"24/05/2020 23:00",1059
2,"25/05/2020 00:00",1033
2,"25/05/2020 01:00",1487
2,"25/05/2020 02:00",1103
2,"25/05/2020 03:00",1039
2,"25/05/2020 04:00",459
2,"25/05/2020 05:00",1276
2,"25/05/2020 06:00",1084
2,"25/05/2020 07:00",1099
2,"25/05/2020 08:00",1220
2,"25/05/2020 09:00",1172
2,"25/05/2020 10:01",1159
2,"25/05/2020 11:01",1466
2,"25/05/2020 12:01",1483
2,"25/05/2020 13:01",1416
2,"25/05/2020 14:00",1414
2,"25/05/2020 15:00",1487
2,"25/05/2020 16:00",1179
2,"25/05/2020 17:00",810
2,"25/05/2020 18:00",796
2,"25/05/2020 19:01",1546
2,"25/05/2020 20:01",1491
2,"25/05/2020 21:01",1506
2,"25/05/2020 22:00",1912
2,"25/05/2020 23:00",1463
2,"26/05/2020 00:00",1617
2,"26/05/2020 01:00",1191
2,"26/05/2020 02:00",1184
2,"26/05/2020 03:00",1182
2,"26/05/2020 04:00",798
2,"26/05/2020 05:00",1227
2,"26/05/2020 06:00",685
2,"26/05/2020 07:00",814
2,"26/05/2020 08:00",1457
2,"26/05/2020 09:00",1163
2,"26/05/2020 10:00",1167
2,"26/05/2020 11:00",963
2,"26/05/2020 12:00",894
2,"26/05/2020 13:00",923
2,"26/05/2020 14:00",556
2,"26/05/2020 15:01",651
2,"26/05/2020 16:01",980
2,"26/05/2020 17:01",1274
2,"26/05/2020 18:01",398
2,"26/05/2020 19:01",1247
2,"26/05/2020 20:00",1328
2,"26/05/2020 21:00",1318
2,"26/05/2020 22:00",1678
2,"26/05/2020 23:00",1945
2,"27/05/2020 00:00",1261
2,"27/05/2020 01:00",1539
2,"27/05/2020 02:00",1190
2,"27/05/2020 03:00",874
2,"27/05/2020 04:00",1204
2,"27/05/2020 05:00",933
2,"27/05/2020 06:00",1425
2,"27/05/2020 07:00",1233
2,"27/05/2020 08:00",1017
2,"27/05/2020 09:00",940
2,"27/05/2020 10:00",1281
2,"27/05/2020 11:01",1247
2,"27/05/2020 12:01",1302
2,"27/05/2020 13:01",1242
2,"27/05/2020 14:01",1363
2,"27/05/2020 15:00",425
2,"27/05/2020 16:00",1743
2,"27/05/2020 17:00",1713
2,"27/05/2020 18:00",1003
2,"27/05/2020 19:01",1694
2,"27/05/2020 20:01",1727
2,"27/05/2020 21:01",1104
2,"27/05/2020 22:01",1522
2,"27/05/2020 23:00",1702
2,"28/05/2020 00:00",1343
2,"28/05/2020 01:00",1627
2,"28/05/2020 02:00",1286
2,"28/05/2020 03:00",897
2,"28/05/2020 04:00",928
2,"28/05/2020 05:00",856
2,"28/05/2020 06:00",1706
2,"28/05/2020 07:00",1160
2,"28/05/2020 08:00",1588
2,"28/05/2020 09:00",411
2,"28/05/2020 10:00",1096
2,"28/05/2020 11:00",1268
2,"28/05/2020 12:00",966
2,"28/05/2020 13:00",1342
2,"28/05/2020 14:01",351
2,"28/05/2020 15:01",1040
2,"28/05/2020 16:01",1435
2,"28/05/2020 17:01",1338
2,"28/05/2020 18:01",1368
2,"28/05/2020 19:01",1677
2,"28/05/2020 20:00",1379
2,"28/05/2020 21:00",1765
2,"28/05/2020 22:00",1796
2,"28/05/2020 23:00",594
2,"29/05/2020 00:00",1027
2,"29/05/2020 01:00",971
2,"29/05/2020 02:00",924
2,"29/05/2020 03:00",1297
2,"29/05/2020 04:00",930
2,"29/05/2020 05:00",1891
2,"29/05/2020 06:00",1347
2,"29/05/2020 07:00",1545
2,"29/05/2020 08:00",1928
2,"29/05/2020 09:00",1562
2,"29/05/2020 10:00",616
2,"29/05/2020 11:00",1325
2,"29/05/2020 12:00",1413
2,"29/05/2020 13:01",1779
2,"29/05/2020 14:01",1363
2,"29/05/2020 15:00",1412
2,"29/05/2020 16:00",1067
2,"29/05/2020 17:00",1882
2,"29/05/2020 18:00",1771
2,"29/05/2020 19:00",1038
2,"29/05/2020 20:01",767
2,"29/05/2020 21:01",1016
2,"29/05/2020 22:01",1276
2,"29/05/2020 23:01",1602
2,"30/05/2020 00:01",1722
2,"30/05/2020 01:00",987
2,"30/05/2020 02:00",1663
2,"30/05/2020 03:00",1290
2,"30/05/2020 04:00",578
2,"30/05/2020 05:00",1201
2,"30/05/2020 06:00",1031
2,"30/05/2020 07:00",1577
2,"30/05/2020 08:00",1649
2,"30/05/2020 09:00",1163
2,"30/05/2020 10:00",971
2,"30/05/2020 11:00",1288
2,"30/05/2020 12:00",1340
2,"30/05/2020 13:00",999
2,"30/05/2020 14:01",1828
2,"30/05/2020 15:01",1382
2,"30/05/2020 16:00",623
2,"30/05/2020 17:00",722
2,"30/05/2020 18:00",998
2,"30/05/2020 19:00",969
2,"30/05/2020 20:00",1034
2,"30/05/2020 21:01",651
2,"30/05/2020 22:01",1437
2,"30/05/2020 23:01",1015
2,"31/05/2020 00:01",1703
2,"31/05/2020 01:00",966
2,"31/05/2020 02:00",612
2,"31/05/2020 03:00",1040
2,"31/05/2020 04:00",964
2,"31/05/2020 05:00",1006
2,"31/05/2020 06:00",1578
2,"31/05/2020 07:00",1446
2,"31/05/2020 08:00",1840
2,"31/05/2020 09:00",954
2,"31/05/2020 10:00",1742
2,"31/05/2020 11:00",579
2,"31/05/2020 12:00",970
2,"31/05/2020 13:00",602
2,"31/05/2020 14:00",1015
2,"31/05/2020 15:00",1783
2,"31/05/2020 16:00",557
2,"31/05/2020 17:00",1006
2,"31/05/2020 18:01",1058
2,"31/05/2020 19:01",1764
2,"31/05/2020 20:01",970
2,"31/05/2020 21:01",598
2,"31/05/2020 22:01",1039
2,"31/05/2020 23:00",1006
2,"01/06/2020 00:00",933
2,"01/06/2020 01:00",1007
2,"01/06/2020 02:01",988
2,"01/06/2020 03:01",999
2,"01/06/2020 04:00",1006
2,"01/06/2020 05:00",1408
2,"01/06/2020 06:00",1376
2,"01/06/2020 07:00",744
2,"01/06/2020 08:00",1106
2,"01/06/2020 09:00",796
2,"01/06/2020 10:00",1422
2,"01/06/2020 11:00",1837
2,"01/06/2020 12:00",1137
2,"01/06/2020 13:00",1641
2,"01/06/2020 14:00",1581
2,"01/06/2020 15:00",1278
2,"01/06/2020 16:01",1337
2,"01/06/2020 17:00",1577
2,"01/06/2020 18:00",1498
2,"01/06/2020 19:00",1588
2,"01/06/2020 20:00",1640
2,"01/06/2020 21:00",1184
2,"01/06/2020 22:01",821
2,"01/06/2020 23:01",331
2,"02/06/2020 00:01",381
2,"02/06/2020 01:01",307
2,"02/06/2020 02:01",286
2,"02/06/2020 03:01",168
2,"02/06/2020 04:00",219
2,"02/06/2020 05:00",233
2,"02/06/2020 06:00",185
2,"02/06/2020 07:00",265
2,"02/06/2020 08:00",335
2,"02/06/2020 09:00",321
2,"02/06/2020 10:00",275
2,"02/06/2020 11:00",357
2,"02/06/2020 12:00",714
2,"02/06/2020 13:00",815
2,"02/06/2020 14:00",304
2,"02/06/2020 15:00",571
2,"02/06/2020 16:00",523
2,"02/06/2020 17:00",353
2,"02/06/2020 18:01",361
2,"02/06/2020 19:01",263
2,"02/06/2020 20:01",329
2,"02/06/2020 21:01",374
2,"02/06/2020 22:01",376
2,"02/06/2020 23:00",339
2,"03/06/2020 00:00",290
2,"03/06/2020 01:00",477
2,"03/06/2020 02:00",472
2,"03/06/2020 03:00",216
2,"03/06/2020 04:00",183
2,"03/06/2020 05:00",215
2,"03/06/2020 06:00",243
2,"03/06/2020 07:00",264
2,"03/06/2020 08:00",223
2,"03/06/2020 09:00",414
2,"03/06/2020 10:00",372
2,"03/06/2020 11:00",275
2,"03/06/2020 12:00",379
2,"03/06/2020 13:00",277
2,"03/06/2020 14:00",322
2,"03/06/2020 15:00",565
2,"03/06/2020 16:01",471
2,"03/06/2020 17:01",351
2,"03/06/2020 18:00",308
2,"03/06/2020 19:00",426
2,"03/06/2020 20:00",324
2,"03/06/2020 21:00",1462
2,"03/06/2020 22:00",445
2,"03/06/2020 23:01",202
2,"04/06/2020 00:01",297
2,"04/06/2020 01:01",267
2,"04/06/2020 02:00",305
2,"04/06/2020 03:00",286
2,"04/06/2020 04:00",207
2,"04/06/2020 05:00",367
2,"04/06/2020 06:00",346
2,"04/06/2020 07:00",308
2,"04/06/2020 08:00",449
2,"04/06/2020 09:00",285
2,"04/06/2020 10:00",339
2,"04/06/2020 11:00",319
2,"04/06/2020 12:00",290
2,"04/06/2020 13:00",281
2,"04/06/2020 14:00",389
2,"04/06/2020 15:00",302
2,"04/06/2020 16:01",428
2,"04/06/2020 17:01",418
2,"04/06/2020 18:01",665
2,"04/06/2020 19:01",1495
2,"04/06/2020 20:01",298
2,"04/06/2020 21:00",379
2,"04/06/2020 22:00",534
2,"04/06/2020 23:00",171
2,"05/06/2020 00:00",190
2,"05/06/2020 01:00",272
2,"05/06/2020 02:01",201
2,"05/06/2020 03:01",306
2,"05/06/2020 04:00",372
2,"05/06/2020 05:00",270
2,"05/06/2020 06:00",367
2,"05/06/2020 07:00",292
2,"05/06/2020 08:00",415
2,"05/06/2020 09:00",312
2,"05/06/2020 10:00",373
2,"05/06/2020 11:00",338
2,"05/06/2020 12:00",362
2,"05/06/2020 13:00",393
2,"05/06/2020 14:00",408
2,"05/06/2020 15:00",395
2,"05/06/2020 16:00",357
2,"05/06/2020 17:00",379
2,"05/06/2020 18:00",256
2,"05/06/2020 19:00",425
2,"05/06/2020 20:00",367
2,"05/06/2020 21:01",291
2,"05/06/2020 22:01",842
2,"05/06/2020 23:01",369
2,"06/06/2020 00:01",337
2,"06/06/2020 01:00",236
2,"06/06/2020 02:00",303
2,"06/06/2020 03:00",272
2,"06/06/2020 04:00",288
2,"06/06/2020 05:00",331
2,"06/06/2020 06:00",277
2,"06/06/2020 07:00",376
2,"06/06/2020 08:00",332
2,"06/06/2020 09:00",405
1,"22/06/2020 00:01",3313
1,"22/06/2020 01:01",3170
1,"22/06/2020 02:01",2938
1,"22/06/2020 03:01",3203
1,"22/06/2020 04:00",3102
1,"22/06/2020 05:00",2900
1,"22/06/2020 06:00",4025
1,"22/06/2020 07:00",2908
1,"22/06/2020 08:00",3249
1,"22/06/2020 09:00",3386
1,"22/06/2020 10:00",2489
1,"22/06/2020 11:00",2883
1,"22/06/2020 12:00",2530
1,"22/06/2020 13:00",2566
1,"22/06/2020 14:00",2608
1,"22/06/2020 15:00",3294
1,"22/06/2020 16:00",2990
1,"22/06/2020 17:01",3227
1,"22/06/2020 18:01",3504
1,"22/06/2020 19:01",3779
1,"22/06/2020 20:00",2866
1,"22/06/2020 21:00",3672
1,"22/06/2020 22:00",2246
1,"22/06/2020 23:00",1907
1,"23/06/2020 00:01",3167
1,"23/06/2020 01:01",2492
1,"23/06/2020 02:01",2792
1,"23/06/2020 03:01",2653
1,"23/06/2020 04:00",2939
1,"23/06/2020 05:00",2891
1,"23/06/2020 06:00",3197
1,"23/06/2020 07:00",3007
1,"23/06/2020 08:00",2415
1,"23/06/2020 09:00",2979
1,"23/06/2020 10:00",3255
1,"23/06/2020 11:00",2851
1,"23/06/2020 12:00",2948
1,"23/06/2020 13:00",3054
1,"23/06/2020 14:00",3393
1,"23/06/2020 15:00",3328
1,"23/06/2020 16:01",3150
1,"23/06/2020 17:01",3739
1,"23/06/2020 18:01",3011
1,"23/06/2020 19:01",2686
1,"23/06/2020 20:00",3313
1,"23/06/2020 21:00",3158
1,"23/06/2020 22:00",2280
1,"23/06/2020 23:00",3167
1,"24/06/2020 00:00",2758
1,"24/06/2020 01:00",3298
1,"24/06/2020 02:00",3460
1,"24/06/2020 03:00",3233
1,"24/06/2020 04:00",2347
1,"24/06/2020 05:00",3061
1,"24/06/2020 06:00",3042
1,"24/06/2020 07:00",3246
1,"24/06/2020 08:00",3095
1,"24/06/2020 09:00",2831
1,"24/06/2020 10:00",3085
1,"24/06/2020 11:00",3180
1,"24/06/2020 12:00",2972
1,"24/06/2020 13:00",2912
1,"24/06/2020 14:00",2673
1,"24/06/2020 15:00",3370
1,"24/06/2020 16:01",3975
1,"24/06/2020 17:01",3537
1,"24/06/2020 18:01",3370
1,"24/06/2020 19:01",2886
1,"24/06/2020 20:00",2812
1,"24/06/2020 21:00",3521
1,"24/06/2020 22:00",2723
1,"24/06/2020 23:00",3946
1,"25/06/2020 00:00",3110
1,"25/06/2020 01:00",2896
1,"25/06/2020 02:00",3280
1,"25/06/2020 03:00",3459
1,"25/06/2020 04:00",3815
1,"25/06/2020 05:00",3098
1,"25/06/2020 06:00",3156
1,"25/06/2020 07:00",2663
1,"25/06/2020 08:00",3123
1,"25/06/2020 09:00",4244
1,"25/06/2020 10:01",3787
1,"25/06/2020 11:01",3343
1,"25/06/2020 12:01",3357
1,"25/06/2020 13:01",3281
1,"25/06/2020 14:00",3164
1,"25/06/2020 15:00",2945
1,"25/06/2020 16:00",3142
1,"25/06/2020 17:01",2885
1,"25/06/2020 18:01",3190
1,"25/06/2020 19:01",3580
1,"25/06/2020 20:00",3726
1,"25/06/2020 21:00",2726
1,"25/06/2020 22:00",2718
1,"25/06/2020 23:00",2204
1,"26/06/2020 00:00",3978
1,"26/06/2020 01:00",3052
1,"26/06/2020 02:00",3050
1,"26/06/2020 03:00",3316
1,"26/06/2020 04:00",3152
1,"26/06/2020 05:00",2670
1,"26/06/2020 06:00",3801
1,"26/06/2020 07:00",3302
1,"26/06/2020 08:00",3098
1,"26/06/2020 09:00",3088
1,"26/06/2020 10:00",3810
1,"26/06/2020 11:01",3338
1,"26/06/2020 12:01",3110
1,"26/06/2020 13:01",3028
1,"26/06/2020 14:01",2925
1,"26/06/2020 15:00",4329
1,"26/06/2020 16:00",3682
1,"26/06/2020 17:00",2941
1,"26/06/2020 18:00",3947
1,"26/06/2020 19:00",3724
1,"26/06/2020 20:00",3072
1,"26/06/2020 21:00",2993
1,"26/06/2020 22:00",3065
1,"26/06/2020 23:00",2962
1,"27/06/2020 00:00",3928
1,"27/06/2020 01:00",3636
1,"27/06/2020 02:00",3174
1,"27/06/2020 03:01",3105
1,"27/06/2020 04:01",3066
1,"27/06/2020 05:01",3019
1,"27/06/2020 06:01",2782
1,"27/06/2020 07:01",3390
1,"27/06/2020 08:00",3699
1,"27/06/2020 09:00",3581
1,"27/06/2020 10:00",3473
1,"27/06/2020 11:00",3205
1,"27/06/2020 12:01",3134
1,"27/06/2020 13:01",3655
1,"27/06/2020 14:00",3093
1,"27/06/2020 15:00",3524
1,"27/06/2020 16:00",3485
1,"27/06/2020 17:00",3565
1,"27/06/2020 18:00",3836
1,"27/06/2020 19:00",3713
1,"27/06/2020 20:00",3875
1,"27/06/2020 21:00",3407
1,"27/06/2020 22:00",3386
1,"27/06/2020 23:00",3057
1,"28/06/2020 00:00",3195
1,"28/06/2020 01:00",3036
1,"28/06/2020 02:01",2620
1,"28/06/2020 03:01",2997
1,"28/06/2020 04:01",3828
1,"28/06/2020 05:01",3862
1,"28/06/2020 06:01",2560
1,"28/06/2020 07:00",4000
1,"28/06/2020 08:00",3885
1,"28/06/2020 09:00",2696
1,"28/06/2020 10:00",2575
1,"28/06/2020 11:00",2708
1,"28/06/2020 12:00",2502
1,"28/06/2020 13:00",3086
1,"28/06/2020 14:00",1992
1,"28/06/2020 15:00",2023
1,"28/06/2020 16:00",3673
1,"28/06/2020 17:00",2547
1,"28/06/2020 18:00",2676
1,"28/06/2020 19:00",2745
1,"28/06/2020 20:00",2715
1,"28/06/2020 21:00",3788
1,"28/06/2020 22:01",2873
1,"28/06/2020 23:01",3645
1,"29/06/2020 00:01",4040
1,"29/06/2020 01:00",3587
1,"29/06/2020 02:00",3812
1,"29/06/2020 03:00",3019
1,"29/06/2020 04:00",3260
1,"29/06/2020 05:01",3397
1,"29/06/2020 06:01",3583
1,"29/06/2020 07:01",3626
1,"29/06/2020 08:01",1890
1,"29/06/2020 09:00",866
1,"29/06/2020 10:00",820
1,"29/06/2020 11:00",1324
1,"29/06/2020 12:00",1970
1,"29/06/2020 13:00",1667
1,"29/06/2020 14:00",1321
1,"29/06/2020 15:00",2062
1,"29/06/2020 16:00",1926
1,"29/06/2020 17:00",1940
1,"29/06/2020 18:00",1768
1,"29/06/2020 19:00",1838
1,"29/06/2020 20:00",1617
1,"29/06/2020 21:01",1763
1,"29/06/2020 22:01",2417
1,"29/06/2020 23:01",1934
1,"30/06/2020 00:01",1360
1,"30/06/2020 01:00",2023
1,"30/06/2020 02:00",1818
1,"30/06/2020 03:00",1904
1,"30/06/2020 04:01",1307
1,"30/06/2020 05:01",2103
1,"30/06/2020 06:01",1229
1,"30/06/2020 07:00",1289
1,"30/06/2020 08:00",1765
1,"30/06/2020 09:00",1225
1,"30/06/2020 10:00",1274
1,"30/06/2020 11:00",1230
1,"30/06/2020 12:00",1404
1,"30/06/2020 13:00",2027
1,"30/06/2020 14:00",2328
1,"30/06/2020 15:00",1754
1,"30/06/2020 16:00",2029
1,"30/06/2020 17:00",1472
1,"30/06/2020 18:00",1993
1,"30/06/2020 19:00",1147
1,"30/06/2020 20:01",1495
1,"30/06/2020 21:01",1813
1,"30/06/2020 22:01",1763
1,"30/06/2020 23:01",1721
1,"01/07/2020 00:00",1559
1,"01/07/2020 01:00",1178
1,"01/07/2020 02:00",1750
1,"01/07/2020 03:00",1384
1,"01/07/2020 04:00",1667
1,"01/07/2020 05:00",1580
1,"01/07/2020 06:00",1502
1,"01/07/2020 07:00",1442
1,"01/07/2020 08:00",1989
1,"01/07/2020 09:00",2006
1,"01/07/2020 10:00",1461
1,"01/07/2020 11:00",1298
1,"01/07/2020 12:00",1729
1,"01/07/2020 13:00",1654
1,"01/07/2020 14:01",1735
1,"01/07/2020 15:01",1131
1,"01/07/2020 16:00",1507
1,"01/07/2020 17:00",1256
1,"01/07/2020 18:00",1392
1,"01/07/2020 19:01",1826
1,"01/07/2020 20:01",966
1,"01/07/2020 21:01",1063
1,"01/07/2020 22:01",1389
1,"01/07/2020 23:00",1330
1,"02/07/2020 00:00",1957
1,"02/07/2020 01:00",1493
1,"02/07/2020 02:00",1616
1,"02/07/2020 03:00",1726
1,"02/07/2020 04:00",1595
1,"02/07/2020 05:00",1550
1,"02/07/2020 06:00",1251
1,"02/07/2020 07:00",1575
1,"02/07/2020 08:00",1650
1,"02/07/2020 09:00",1481
1,"02/07/2020 10:00",1579
1,"02/07/2020 11:00",1529
1,"02/07/2020 12:01",1671
1,"02/07/2020 13:01",1683
1,"02/07/2020 14:01",2148
1,"02/07/2020 15:01",1672
1,"02/07/2020 16:00",1718
1,"02/07/2020 17:00",1581
1,"02/07/2020 18:00",1606
1,"02/07/2020 19:00",1705
1,"02/07/2020 20:01",1648
1,"02/07/2020 21:00",1510
1,"02/07/2020 22:00",1641
1,"02/07/2020 23:00",1515
1,"03/07/2020 00:00",1639
1,"03/07/2020 01:00",1700
1,"03/07/2020 02:00",1732
1,"03/07/2020 03:00",1380
1,"03/07/2020 04:00",1624
1,"03/07/2020 05:00",1701
1,"03/07/2020 06:00",1693
1,"03/07/2020 07:01",1409
1,"03/07/2020 08:00",1588
1,"03/07/2020 09:00",1684
1,"03/07/2020 10:00",1752
1,"03/07/2020 11:00",1679
1,"03/07/2020 12:00",2031
1,"03/07/2020 13:01",1829
1,"03/07/2020 14:01",1661
1,"03/07/2020 15:01",1763
1,"03/07/2020 16:01",1655
1,"03/07/2020 17:00",1574
1,"03/07/2020 18:00",1684
1,"03/07/2020 19:00",1876
1,"03/07/2020 20:00",1720
1,"03/07/2020 21:00",2005
1,"03/07/2020 22:00",1631
1,"03/07/2020 23:00",1653
1,"04/07/2020 00:00",2021
1,"04/07/2020 01:00",1772
1,"04/07/2020 02:00",1910
1,"04/07/2020 03:00",1901
1,"04/07/2020 04:00",1816
1,"04/07/2020 05:01",2004
1,"04/07/2020 06:01",1491
1,"04/07/2020 07:01",1665
1,"04/07/2020 08:01",1686
1,"04/07/2020 09:01",1661
1,"04/07/2020 10:00",1746
1,"04/07/2020 11:00",1774
1,"04/07/2020 12:00",1723
1,"04/07/2020 13:00",1699
1,"04/07/2020 14:00",1605
1,"04/07/2020 15:00",1574
1,"04/07/2020 16:00",1660
1,"04/07/2020 17:00",1860
1,"04/07/2020 18:00",1533
1,"04/07/2020 19:00",1708
1,"04/07/2020 20:00",1790
1,"04/07/2020 21:00",1545
1,"04/07/2020 22:00",1665
1,"04/07/2020 23:00",1752
1,"05/07/2020 00:01",1468
1,"05/07/2020 01:01",1800
1,"05/07/2020 02:00",1822
1,"05/07/2020 03:00",1804
1,"05/07/2020 04:00",1711
1,"05/07/2020 05:00",1795
1,"05/07/2020 06:01",1758
1,"05/07/2020 07:01",1689
1,"05/07/2020 08:01",1545
1,"05/07/2020 09:01",1918
1,"05/07/2020 10:01",1792
1,"05/07/2020 11:00",1966
1,"05/07/2020 12:00",1814
1,"05/07/2020 13:00",1817
1,"05/07/2020 14:00",1980
1,"05/07/2020 15:00",2001
1,"05/07/2020 16:00",1835
1,"05/07/2020 17:00",1736
1,"05/07/2020 18:00",1749
1,"05/07/2020 19:00",1985
1,"05/07/2020 20:00",1661
1,"05/07/2020 21:00",1776
1,"05/07/2020 22:00",1772
1,"05/07/2020 23:01",1800
1,"06/07/2020 00:01",1676
1,"06/07/2020 01:01",1910
1,"06/07/2020 02:00",1632
1,"06/07/2020 03:00",1882
1,"06/07/2020 04:00",1815
1,"06/07/2020 05:00",1883
1,"06/07/2020 06:01",1906
1,"06/07/2020 07:01",1899
1,"06/07/2020 08:00",1701
1,"06/07/2020 09:00",1883
1,"06/07/2020 10:00",1766
1,"06/07/2020 11:00",1773
1,"06/07/2020 12:00",2030
1,"06/07/2020 13:00",2013
1,"06/07/2020 14:00",1923
1,"06/07/2020 15:00",1567
1,"06/07/2020 16:00",1977
1,"06/07/2020 17:00",1958
1,"06/07/2020 18:00",2042
1,"06/07/2020 19:00",2070
1,"06/07/2020 20:00",2049
1,"06/07/2020 21:00",2268
1,"06/07/2020 22:01",1593
1,"06/07/2020 23:01",1751
1,"07/07/2020 00:01",1996
1,"07/07/2020 01:01",2235
1,"07/07/2020 02:00",1743
1,"07/07/2020 03:00",2059
1,"07/07/2020 04:00",1995
1,"07/07/2020 05:00",2103
1,"07/07/2020 06:00",2155
1,"07/07/2020 07:00",1778
1,"07/07/2020 08:00",1793
1,"07/07/2020 09:00",1714
1,"07/07/2020 10:00",2048
1,"07/07/2020 11:00",2102
1,"07/07/2020 12:00",1618
1,"07/07/2020 13:00",1798
1,"07/07/2020 14:00",2304
1,"07/07/2020 15:01",2266
1,"07/07/2020 16:01",2539
1,"07/07/2020 17:01",2600
1,"07/07/2020 18:01",2099
1,"07/07/2020 19:00",1941
1,"07/07/2020 20:00",1990
1,"07/07/2020 21:00",2038
1,"07/07/2020 22:00",1811
1,"07/07/2020 23:01",1917
1,"08/07/2020 00:01",1928
1,"08/07/2020 01:00",2217
1,"08/07/2020 02:00",2003
1,"08/07/2020 03:00",1892
1,"08/07/2020 04:00",1821
1,"08/07/2020 05:00",2004
1,"08/07/2020 06:00",2034
1,"08/07/2020 07:00",2088
1,"08/07/2020 08:00",2233
1,"08/07/2020 09:00",2018
1,"08/07/2020 10:00",2031
1,"08/07/2020 11:00",1694
1,"08/07/2020 12:00",2028
1,"08/07/2020 13:00",2074
1,"08/07/2020 14:00",2076
1,"08/07/2020 15:00",1854
1,"08/07/2020 16:01",2116
1,"08/07/2020 17:01",2063
1,"08/07/2020 18:01",2163
1,"08/07/2020 19:01",1949
1,"08/07/2020 20:00",1854
1,"08/07/2020 21:00",1867
1,"08/07/2020 22:00",1816
1,"08/07/2020 23:00",2692
1,"09/07/2020 00:00",2038
1,"09/07/2020 01:00",2094
1,"09/07/2020 02:00",2142
1,"09/07/2020 03:00",1831
1,"09/07/2020 04:00",2067
1,"09/07/2020 05:00",2076
1,"09/07/2020 06:00",1995
1,"09/07/2020 07:00",2099
1,"09/07/2020 08:01",1885
1,"09/07/2020 09:01",2094
1,"09/07/2020 10:01",6541
1,"09/07/2020 11:01",22897
1,"09/07/2020 12:01",4658
1,"09/07/2020 13:00",9729
1,"09/07/2020 14:00",3096
1,"09/07/2020 15:00",1764
1,"09/07/2020 16:01",2085
1,"09/07/2020 17:01",1988
1,"09/07/2020 18:00",1899
1,"09/07/2020 19:00",2043
1,"09/07/2020 20:00",2024
1,"09/07/2020 21:00",2282
1,"09/07/2020 22:00",1687
1,"09/07/2020 23:00",1906
1,"10/07/2020 00:00",2187
1,"10/07/2020 01:00",2177
1,"10/07/2020 02:00",2215
1,"10/07/2020 03:00",2125
1,"10/07/2020 04:00",2287
1,"10/07/2020 05:00",1874
1,"10/07/2020 06:00",2332
1,"10/07/2020 07:00",1937
1,"10/07/2020 08:01",1970
1,"10/07/2020 09:01",3261
1,"10/07/2020 10:01",2143
1,"10/07/2020 11:01",2039
1,"10/07/2020 12:00",2080
1,"10/07/2020 13:00",2325
1,"10/07/2020 14:00",2273
1,"10/07/2020 15:00",2140
1,"10/07/2020 16:00",2201
1,"10/07/2020 17:00",2227
1,"10/07/2020 18:00",2030
1,"10/07/2020 19:00",2282
1,"10/07/2020 20:00",2005
1,"10/07/2020 21:00",2435
1,"10/07/2020 22:00",1847
1,"10/07/2020 23:00",2195
1,"11/07/2020 00:00",1957
1,"11/07/2020 01:01",1864
1,"11/07/2020 02:01",2158
1,"11/07/2020 03:01",2025
1,"11/07/2020 04:00",2060
1,"11/07/2020 05:00",2064
1,"11/07/2020 06:00",2317
1,"11/07/2020 07:00",2056
1,"11/07/2020 08:01",2203
1,"11/07/2020 09:01",2252
1,"11/07/2020 10:01",2333
1,"11/07/2020 11:00",1905
1,"11/07/2020 12:00",2271
1,"11/07/2020 13:00",2213
1,"11/07/2020 14:00",2432
1,"11/07/2020 15:00",2411
1,"11/07/2020 16:00",2249
1,"11/07/2020 17:00",1938
1,"11/07/2020 18:00",2165
1,"11/07/2020 19:00",1943
1,"11/07/2020 20:00",1582
1,"11/07/2020 21:00",2109
1,"11/07/2020 22:00",2170
1,"11/07/2020 23:01",2065
1,"12/07/2020 00:01",2069
1,"12/07/2020 01:01",1952
1,"12/07/2020 02:01",2327
1,"12/07/2020 03:00",2202
1,"12/07/2020 04:00",2067
1,"12/07/2020 05:00",2184
1,"12/07/2020 06:01",2149
1,"12/07/2020 07:01",1755
1,"12/07/2020 08:00",1607
1,"12/07/2020 09:00",1690
1,"12/07/2020 10:00",1868
1,"12/07/2020 11:00",1917
1,"12/07/2020 12:00",1779
1,"12/07/2020 13:00",1915
1,"12/07/2020 14:00",1617
1,"12/07/2020 15:00",1871
1,"12/07/2020 16:00",1669
1,"12/07/2020 17:00",1773
1,"12/07/2020 18:01",1882
1,"12/07/2020 19:00",1659
1,"12/07/2020 20:00",2094
1,"12/07/2020 21:00",1789
1,"12/07/2020 22:00",1550
1,"12/07/2020 23:01",1908
1,"13/07/2020 00:01",1712
1,"13/07/2020 01:01",2035
1,"13/07/2020 02:01",1848
1,"13/07/2020 03:00",1745
1,"13/07/2020 04:00",1496
1,"13/07/2020 05:00",2199
1,"13/07/2020 06:00",1636
1,"13/07/2020 07:00",2236
1,"13/07/2020 08:00",1915
1,"13/07/2020 09:00",1903
1,"13/07/2020 10:00",1828
1,"13/07/2020 11:00",1548
1,"13/07/2020 12:00",2096
1,"13/07/2020 13:00",1815
1,"13/07/2020 14:00",1981
1,"13/07/2020 15:01",1740
1,"13/07/2020 16:01",1784
1,"13/07/2020 17:01",1694
1,"13/07/2020 18:01",1594
1,"13/07/2020 19:00",1754
1,"13/07/2020 20:00",2013
1,"13/07/2020 21:00",2076
1,"13/07/2020 22:01",1412
1,"13/07/2020 23:01",1726
1,"14/07/2020 00:00",1824
1,"14/07/2020 01:00",1879
1,"14/07/2020 02:00",2062
1,"14/07/2020 03:00",1887
1,"14/07/2020 04:00",1928
1,"14/07/2020 05:00",2077
1,"14/07/2020 06:00",1513
1,"14/07/2020 07:00",2240
1,"14/07/2020 08:00",2083
1,"14/07/2020 09:00",1972
1,"14/07/2020 10:00",1988
1,"14/07/2020 11:00",2228
1,"14/07/2020 12:00",1562
1,"14/07/2020 13:01",1818
1,"14/07/2020 14:01",1544
1,"14/07/2020 15:01",1733
1,"14/07/2020 16:01",1926
1,"14/07/2020 17:00",2310
1,"14/07/2020 18:00",1826
1,"14/07/2020 19:00",1630
1,"14/07/2020 20:00",2390
1,"14/07/2020 21:00",2171
1,"14/07/2020 22:00",1819
1,"14/07/2020 23:00",2268
1,"15/07/2020 00:00",1574
1,"15/07/2020 01:00",1951
1,"15/07/2020 02:00",2043
1,"15/07/2020 03:00",1802
1,"15/07/2020 04:00",2013
1,"15/07/2020 05:00",2253
1,"15/07/2020 06:01",2228
1,"15/07/2020 07:01",2512
1,"15/07/2020 08:01",2088
1,"15/07/2020 09:00",2130
1,"15/07/2020 10:00",1834
1,"15/07/2020 11:00",1921
1,"15/07/2020 12:00",1859
1,"15/07/2020 13:01",1654
1,"15/07/2020 14:01",1831
1,"15/07/2020 15:01",2037
1,"15/07/2020 16:01",2017
1,"15/07/2020 17:00",1681
1,"15/07/2020 18:00",1817
1,"15/07/2020 19:00",2741
1,"15/07/2020 20:00",2454
1,"15/07/2020 21:00",2228
1,"15/07/2020 22:00",1618
1,"15/07/2020 23:00",1666
1,"16/07/2020 00:00",1702
1,"16/07/2020 01:00",2155
1,"16/07/2020 02:00",2124
1,"16/07/2020 03:00",2005
1,"16/07/2020 04:00",2348
1,"16/07/2020 05:01",2268
1,"16/07/2020 06:01",1992
1,"16/07/2020 07:01",1997
1,"16/07/2020 08:01",2003
1,"16/07/2020 09:00",1971
1,"16/07/2020 10:00",1994
1,"16/07/2020 11:00",2105
1,"16/07/2020 12:00",1751
1,"16/07/2020 13:00",1642
1,"16/07/2020 14:00",1974
1,"16/07/2020 15:00",2016
1,"16/07/2020 16:01",2048
1,"16/07/2020 17:00",2245
1,"16/07/2020 18:00",2345
1,"16/07/2020 19:00",2679
1,"16/07/2020 20:00",2522
1,"16/07/2020 21:00",2356
1,"16/07/2020 22:01",2128
1,"16/07/2020 23:00",2168
1,"17/07/2020 00:00",1779
1,"17/07/2020 01:00",1368
1,"17/07/2020 02:00",1898
1,"17/07/2020 03:01",1509
1,"17/07/2020 04:01",1609
1,"17/07/2020 05:01",2166
1,"17/07/2020 06:01",1775
1,"17/07/2020 07:00",2048
1,"17/07/2020 08:00",1526
1,"17/07/2020 09:00",1782
1,"17/07/2020 10:00",1531
1,"17/07/2020 11:00",1420
1,"17/07/2020 12:00",1540
1,"17/07/2020 13:00",1066
1,"17/07/2020 14:00",1435
1,"17/07/2020 15:00",1820
1,"17/07/2020 16:00",1328
1,"17/07/2020 17:00",2453
1,"17/07/2020 18:00",1716
1,"17/07/2020 19:01",1559
1,"17/07/2020 20:01",1688
1,"17/07/2020 21:01",1567
1,"17/07/2020 22:01",1363
1,"17/07/2020 23:00",1075
1,"18/07/2020 00:00",1269
1,"18/07/2020 01:00",1461
1,"18/07/2020 02:00",1903
1,"18/07/2020 03:00",1396
1,"18/07/2020 04:00",1901
1,"18/07/2020 05:00",2239
1,"18/07/2020 06:00",1830
1,"18/07/2020 07:00",1955
1,"18/07/2020 08:00",2179
1,"18/07/2020 09:00",1458
1,"18/07/2020 10:00",1464
1,"18/07/2020 11:00",1441
1,"18/07/2020 12:01",1705
1,"18/07/2020 13:01",1446
1,"18/07/2020 14:00",1287
1,"18/07/2020 15:00",1191
1,"18/07/2020 16:00",1345
1,"18/07/2020 17:01",2028
1,"18/07/2020 18:01",1353
1,"18/07/2020 19:01",1392
1,"18/07/2020 20:00",1230
1,"18/07/2020 21:00",2126
1,"18/07/2020 22:00",1964
1,"18/07/2020 23:00",1581
1,"19/07/2020 00:00",1620
1,"19/07/2020 01:00",1694
1,"19/07/2020 02:00",2064
1,"19/07/2020 03:00",1811
1,"19/07/2020 04:00",1627
1,"19/07/2020 05:00",1609
1,"19/07/2020 06:00",1901
1,"19/07/2020 07:00",1515
1,"19/07/2020 08:00",2287
1,"19/07/2020 09:01",1706
1,"19/07/2020 10:01",1503
1,"19/07/2020 11:01",1578
1,"19/07/2020 12:01",1858
1,"19/07/2020 13:01",1578
1,"19/07/2020 14:00",1734
1,"19/07/2020 15:00",1328
1,"19/07/2020 16:00",1696
1,"19/07/2020 17:00",1852
1,"19/07/2020 18:00",1070
1,"19/07/2020 19:00",1182
1,"19/07/2020 20:00",1552
1,"19/07/2020 21:00",1452
1,"19/07/2020 22:00",1293
1,"19/07/2020 23:00",1442
1,"20/07/2020 00:00",2037
1,"20/07/2020 01:00",1768
1,"20/07/2020 02:01",2453
1,"20/07/2020 03:01",1731
1,"20/07/2020 04:00",1510
1,"20/07/2020 05:00",2560
1,"20/07/2020 06:00",2194
1,"20/07/2020 07:00",2397
1,"20/07/2020 08:01",2207
1,"20/07/2020 09:01",2122
1,"20/07/2020 10:01",2439
1,"20/07/2020 11:01",2067
1,"20/07/2020 12:00",2416
1,"20/07/2020 13:00",2030
1,"20/07/2020 14:00",3680
1,"20/07/2020 15:00",2493
1,"20/07/2020 16:00",2037
1,"20/07/2020 17:00",1936
1,"20/07/2020 18:00",2095
1,"20/07/2020 19:00",2222
1,"20/07/2020 20:00",2384
1,"20/07/2020 21:00",2341
1,"20/07/2020 22:01",2240
1,"20/07/2020 23:01",2471
1,"21/07/2020 00:01",2617
1,"21/07/2020 01:00",1908
1,"21/07/2020 02:00",2205
1,"21/07/2020 03:00",1766
1,"21/07/2020 04:00",2592
1,"21/07/2020 05:01",2459
1,"21/07/2020 06:01",2841
1,"21/07/2020 07:01",2147
1,"21/07/2020 08:00",1699
1,"21/07/2020 09:00",2377
1,"21/07/2020 10:00",2103
1,"21/07/2020 11:00",2311
1,"21/07/2020 12:00",2261
1,"21/07/2020 13:00",2113
1,"21/07/2020 14:00",2341
1,"21/07/2020 15:00",2596
1,"21/07/2020 16:00",2067
1,"21/07/2020 17:00",2302
1,"21/07/2020 18:00",2818
1,"21/07/2020 19:01",2758
1,"21/07/2020 20:01",2233
1,"21/07/2020 21:01",3152
1,"21/07/2020 22:01",2321
1,"21/07/2020 23:00",2157
1,"22/07/2020 00:00",2758
1,"22/07/2020 01:00",2338
1,"22/07/2020 02:00",2327
1,"22/07/2020 03:00",2150
1,"22/07/2020 04:00",2538
1,"22/07/2020 05:00",2671
1,"22/07/2020 06:00",2715
1,"22/07/2020 07:00",2500
1,"22/07/2020 08:00",2071
1,"22/07/2020 09:00",1920
1,"22/07/2020 10:00",2098
1,"22/07/2020 11:00",1992
2,"20/07/2015 11:16",9
2,"20/07/2015 12:01",9
2,"20/07/2015 13:00",9
2,"20/07/2015 14:00",9
2,"20/07/2015 15:00",0
2,"22/06/2020 00:01",1054
2,"22/06/2020 01:01",1095
2,"22/06/2020 02:01",1340
2,"22/06/2020 03:01",816
2,"22/06/2020 04:00",1381
2,"22/06/2020 05:00",1339
2,"22/06/2020 06:00",671
2,"22/06/2020 07:00",1629
2,"22/06/2020 08:00",1389
2,"22/06/2020 09:00",1526
2,"22/06/2020 10:00",1105
2,"22/06/2020 11:00",1488
2,"22/06/2020 12:00",1419
2,"22/06/2020 13:00",1626
2,"22/06/2020 14:00",1613
2,"22/06/2020 15:00",1720
2,"22/06/2020 16:00",1334
2,"22/06/2020 17:01",1541
2,"22/06/2020 18:01",1334
2,"22/06/2020 19:01",974
2,"22/06/2020 20:00",1305
2,"22/06/2020 21:00",1304
2,"22/06/2020 22:00",2831
2,"22/06/2020 23:00",2908
2,"23/06/2020 00:01",1281
2,"23/06/2020 01:01",1427
2,"23/06/2020 02:01",1381
2,"23/06/2020 03:01",1393
2,"23/06/2020 04:00",1426
2,"23/06/2020 05:00",777
2,"23/06/2020 06:00",1457
2,"23/06/2020 07:00",1552
2,"23/06/2020 08:00",1584
2,"23/06/2020 09:00",1268
2,"23/06/2020 10:00",1516
2,"23/06/2020 11:00",1459
2,"23/06/2020 12:00",836
2,"23/06/2020 13:00",948
2,"23/06/2020 14:00",1083
2,"23/06/2020 15:00",1604
2,"23/06/2020 16:01",1803
2,"23/06/2020 17:01",984
2,"23/06/2020 18:01",1556
2,"23/06/2020 19:01",1754
2,"23/06/2020 20:00",1519
2,"23/06/2020 21:00",1469
2,"23/06/2020 22:00",2087
2,"23/06/2020 23:00",1568
2,"24/06/2020 00:00",1515
2,"24/06/2020 01:00",1510
2,"24/06/2020 02:00",1135
2,"24/06/2020 03:00",1106
2,"24/06/2020 04:00",1387
2,"24/06/2020 05:00",1513
2,"24/06/2020 06:00",1702
2,"24/06/2020 07:00",1503
2,"24/06/2020 08:00",1556
2,"24/06/2020 09:00",1582
2,"24/06/2020 10:00",1632
2,"24/06/2020 11:00",1339
2,"24/06/2020 12:00",1543
2,"24/06/2020 13:00",1614
2,"24/06/2020 14:00",1776
2,"24/06/2020 15:00",1610
2,"24/06/2020 16:01",1224
2,"24/06/2020 17:01",1389
2,"24/06/2020 18:01",1001
2,"24/06/2020 19:01",1422
2,"24/06/2020 20:00",1775
2,"24/06/2020 21:00",1036
2,"24/06/2020 22:00",1882
2,"24/06/2020 23:00",595
2,"25/06/2020 00:00",1507
2,"25/06/2020 01:00",1502
2,"25/06/2020 02:00",1179
2,"25/06/2020 03:00",1186
2,"25/06/2020 04:00",952
2,"25/06/2020 05:00",1395
2,"25/06/2020 06:00",1543
2,"25/06/2020 07:00",1737
2,"25/06/2020 08:00",1380
2,"25/06/2020 09:00",452
2,"25/06/2020 10:01",1121
2,"25/06/2020 11:01",1315
2,"25/06/2020 12:01",1253
2,"25/06/2020 13:01",1456
2,"25/06/2020 14:00",1452
2,"25/06/2020 15:00",1453
2,"25/06/2020 16:00",1964
2,"25/06/2020 17:01",1720
2,"25/06/2020 18:01",1695
2,"25/06/2020 19:01",1107
2,"25/06/2020 20:00",1182
2,"25/06/2020 21:00",1655
2,"25/06/2020 22:00",2605
2,"25/06/2020 23:00",2702
2,"26/06/2020 00:00",941
2,"26/06/2020 01:00",1175
2,"26/06/2020 02:00",1536
2,"26/06/2020 03:00",875
2,"26/06/2020 04:00",1236
2,"26/06/2020 05:00",1585
2,"26/06/2020 06:00",1468
2,"26/06/2020 07:00",1326
2,"26/06/2020 08:00",1640
2,"26/06/2020 09:00",1673
2,"26/06/2020 10:00",1349
2,"26/06/2020 11:01",1280
2,"26/06/2020 12:01",1345
2,"26/06/2020 13:01",1370
2,"26/06/2020 14:01",1586
2,"26/06/2020 15:00",541
2,"26/06/2020 16:00",956
2,"26/06/2020 17:00",1623
2,"26/06/2020 18:00",1413
2,"26/06/2020 19:00",789
2,"26/06/2020 20:00",1454
2,"26/06/2020 21:00",1784
2,"26/06/2020 22:00",1537
2,"26/06/2020 23:00",1682
2,"27/06/2020 00:00",915
2,"27/06/2020 01:00",987
2,"27/06/2020 02:00",1635
2,"27/06/2020 03:01",1229
2,"27/06/2020 04:01",1276
2,"27/06/2020 05:01",1273
2,"27/06/2020 06:01",2006
2,"27/06/2020 07:01",920
2,"27/06/2020 08:00",1311
2,"27/06/2020 09:00",917
2,"27/06/2020 10:00",1452
2,"27/06/2020 11:00",1579
2,"27/06/2020 12:01",1295
2,"27/06/2020 13:01",1326
2,"27/06/2020 14:00",1814
2,"27/06/2020 15:00",1420
2,"27/06/2020 16:00",1713
2,"27/06/2020 17:00",1006
2,"27/06/2020 18:00",1076
2,"27/06/2020 19:00",972
2,"27/06/2020 20:00",938
2,"27/06/2020 21:00",1311
2,"27/06/2020 22:00",1108
2,"27/06/2020 23:00",1658
2,"28/06/2020 00:00",1337
2,"28/06/2020 01:00",1305
2,"28/06/2020 02:01",1686
2,"28/06/2020 03:01",1738
2,"28/06/2020 04:01",950
2,"28/06/2020 05:01",1342
2,"28/06/2020 06:01",1940
2,"28/06/2020 07:00",654
2,"28/06/2020 08:00",1416
2,"28/06/2020 09:00",1681
2,"28/06/2020 10:00",1958
2,"28/06/2020 11:00",1633
2,"28/06/2020 12:00",1696
2,"28/06/2020 13:00",1325
2,"28/06/2020 14:00",2969
2,"28/06/2020 15:00",1918
2,"28/06/2020 16:00",568
2,"28/06/2020 17:00",1694
2,"28/06/2020 18:00",2017
2,"28/06/2020 19:00",1702
2,"28/06/2020 20:00",1715
2,"28/06/2020 21:00",989
2,"28/06/2020 22:01",1553
2,"28/06/2020 23:01",180
2,"29/06/2020 00:01",601
2,"29/06/2020 01:00",1300
2,"29/06/2020 02:00",943
2,"29/06/2020 03:00",1290
2,"29/06/2020 04:00",1345
2,"29/06/2020 05:01",1708
2,"29/06/2020 06:01",1564
2,"29/06/2020 07:01",1397
2,"29/06/2020 08:01",1290
2,"29/06/2020 09:00",1658
2,"29/06/2020 10:00",1670
2,"29/06/2020 11:00",1329
2,"29/06/2020 12:00",537
2,"29/06/2020 13:00",965
2,"29/06/2020 14:00",1382
2,"29/06/2020 15:00",995
2,"29/06/2020 16:00",1017
2,"29/06/2020 17:00",995
2,"29/06/2020 18:00",1402
2,"29/06/2020 19:00",1404
2,"29/06/2020 20:00",1396
2,"29/06/2020 21:01",1561
2,"29/06/2020 22:01",809
2,"29/06/2020 23:01",965
2,"30/06/2020 00:01",1779
2,"30/06/2020 01:00",1384
2,"30/06/2020 02:00",1327
2,"30/06/2020 03:00",895
2,"30/06/2020 04:01",1680
2,"30/06/2020 05:01",1175
2,"30/06/2020 06:01",2174
2,"30/06/2020 07:00",1970
2,"30/06/2020 08:00",1660
2,"30/06/2020 09:00",1888
2,"30/06/2020 10:00",1729
2,"30/06/2020 11:00",1782
2,"30/06/2020 12:00",1774
2,"30/06/2020 13:00",1053
2,"30/06/2020 14:00",1161
2,"30/06/2020 15:00",1476
2,"30/06/2020 16:00",1478
2,"30/06/2020 17:00",1896
2,"30/06/2020 18:00",1522
2,"30/06/2020 19:00",1889
2,"30/06/2020 20:01",1922
2,"30/06/2020 21:01",1538
2,"30/06/2020 22:01",1914
2,"30/06/2020 23:01",1853
2,"01/07/2020 00:00",1965
2,"01/07/2020 01:00",1824
2,"01/07/2020 02:00",1373
2,"01/07/2020 03:00",1733
2,"01/07/2020 04:00",1402
2,"01/07/2020 05:00",1757
2,"01/07/2020 06:00",1754
2,"01/07/2020 07:00",1776
2,"01/07/2020 08:00",1465
2,"01/07/2020 09:00",1357
2,"01/07/2020 10:00",1734
2,"01/07/2020 11:00",1880
2,"01/07/2020 12:00",1397
2,"01/07/2020 13:00",1579
2,"01/07/2020 14:01",1625
2,"01/07/2020 15:01",1908
2,"01/07/2020 16:00",1977
2,"01/07/2020 17:00",1976
2,"01/07/2020 18:00",1982
2,"01/07/2020 19:01",1338
2,"01/07/2020 20:01",695
2,"01/07/2020 21:01",757
2,"01/07/2020 22:01",694
2,"01/07/2020 23:00",412
2,"02/07/2020 00:00",406
2,"02/07/2020 01:00",228
2,"02/07/2020 02:00",195
2,"02/07/2020 03:00",156
2,"02/07/2020 04:00",169
2,"02/07/2020 05:00",3118
2,"02/07/2020 06:00",4653
2,"02/07/2020 07:00",4654
2,"02/07/2020 08:00",4703
2,"02/07/2020 09:00",4647
2,"02/07/2020 10:00",203
2,"02/07/2020 11:00",148
2,"02/07/2020 12:01",242
2,"02/07/2020 13:01",290
2,"02/07/2020 14:01",488
2,"02/07/2020 15:01",458
2,"02/07/2020 16:00",309
2,"02/07/2020 17:00",259
2,"02/07/2020 18:00",309
2,"02/07/2020 19:00",230
2,"02/07/2020 20:01",363
2,"02/07/2020 21:00",266
2,"02/07/2020 22:00",560
2,"02/07/2020 23:00",285
2,"03/07/2020 00:00",328
2,"03/07/2020 01:00",693
2,"03/07/2020 02:00",454
2,"03/07/2020 03:00",213
2,"03/07/2020 04:00",152
2,"03/07/2020 05:00",184
2,"03/07/2020 06:00",185
2,"03/07/2020 07:01",196
2,"03/07/2020 08:00",256
2,"03/07/2020 09:00",225
2,"03/07/2020 10:00",254
2,"03/07/2020 11:00",240
2,"03/07/2020 12:00",307
2,"03/07/2020 13:01",330
2,"03/07/2020 14:01",338
2,"03/07/2020 15:01",412
2,"03/07/2020 16:01",520
2,"03/07/2020 17:00",362
2,"03/07/2020 18:00",346
2,"03/07/2020 19:00",351
2,"03/07/2020 20:00",346
2,"03/07/2020 21:00",401
2,"03/07/2020 22:00",545
2,"03/07/2020 23:00",335
2,"04/07/2020 00:00",247
2,"04/07/2020 01:00",193
2,"04/07/2020 02:00",240
2,"04/07/2020 03:00",282
2,"04/07/2020 04:00",208
2,"04/07/2020 05:01",182
2,"04/07/2020 06:01",534
2,"04/07/2020 07:01",199
2,"04/07/2020 08:01",250
2,"04/07/2020 09:01",223
2,"04/07/2020 10:00",277
2,"04/07/2020 11:00",257
2,"04/07/2020 12:00",149
2,"04/07/2020 13:00",175
2,"04/07/2020 14:00",287
2,"04/07/2020 15:00",193
2,"04/07/2020 16:00",212
2,"04/07/2020 17:00",236
2,"04/07/2020 18:00",588
2,"04/07/2020 19:00",214
2,"04/07/2020 20:00",237
2,"04/07/2020 21:00",128
2,"04/07/2020 22:00",269
2,"04/07/2020 23:00",1417
2,"05/07/2020 00:01",4646
2,"05/07/2020 01:01",4758
2,"05/07/2020 02:00",4843
2,"05/07/2020 03:00",4827
2,"05/07/2020 04:00",4885
2,"05/07/2020 05:00",4912
2,"05/07/2020 06:01",502
2,"05/07/2020 07:01",291
2,"05/07/2020 08:01",341
2,"05/07/2020 09:01",235
2,"05/07/2020 10:01",248
2,"05/07/2020 11:00",147
2,"05/07/2020 12:00",198
2,"05/07/2020 13:00",282
2,"05/07/2020 14:00",205
2,"05/07/2020 15:00",199
2,"05/07/2020 16:00",285
2,"05/07/2020 17:00",260
2,"05/07/2020 18:00",412
2,"05/07/2020 19:00",111
2,"05/07/2020 20:00",155
2,"05/07/2020 21:00",256
2,"05/07/2020 22:00",567
2,"05/07/2020 23:01",343
2,"06/07/2020 00:01",267
2,"06/07/2020 01:01",307
2,"06/07/2020 02:00",206
2,"06/07/2020 03:00",252
2,"06/07/2020 04:00",210
2,"06/07/2020 05:00",1417
2,"06/07/2020 06:01",4889
2,"06/07/2020 07:01",4988
2,"06/07/2020 08:00",5079
2,"06/07/2020 09:00",4969
2,"06/07/2020 10:00",4930
2,"06/07/2020 11:00",4907
2,"06/07/2020 12:00",4857
2,"06/07/2020 13:00",522
2,"06/07/2020 14:00",324
2,"06/07/2020 15:00",327
2,"06/07/2020 16:00",527
2,"06/07/2020 17:00",279
2,"06/07/2020 18:00",192
2,"06/07/2020 19:00",280
2,"06/07/2020 20:00",361
2,"06/07/2020 21:00",317
2,"06/07/2020 22:01",784
2,"06/07/2020 23:01",406
2,"07/07/2020 00:01",359
2,"07/07/2020 01:01",244
2,"07/07/2020 02:00",430
2,"07/07/2020 03:00",125
2,"07/07/2020 04:00",134
2,"07/07/2020 05:00",162
2,"07/07/2020 06:00",211
2,"07/07/2020 07:00",329
2,"07/07/2020 08:00",514
2,"07/07/2020 09:00",317
2,"07/07/2020 10:00",287
2,"07/07/2020 11:00",313
2,"07/07/2020 12:00",403
2,"07/07/2020 13:00",319
2,"07/07/2020 14:00",612
2,"07/07/2020 15:01",516
2,"07/07/2020 16:01",686
2,"07/07/2020 17:01",659
2,"07/07/2020 18:01",572
2,"07/07/2020 19:00",589
2,"07/07/2020 20:00",358
2,"07/07/2020 21:00",554
2,"07/07/2020 22:00",991
2,"07/07/2020 23:01",340
2,"08/07/2020 00:01",420
2,"08/07/2020 01:00",460
2,"08/07/2020 02:00",305
2,"08/07/2020 03:00",394
2,"08/07/2020 04:00",278
2,"08/07/2020 05:00",295
2,"08/07/2020 06:00",334
2,"08/07/2020 07:00",290
2,"08/07/2020 08:00",279
2,"08/07/2020 09:00",310
2,"08/07/2020 10:00",377
2,"08/07/2020 11:00",472
2,"08/07/2020 12:00",440
2,"08/07/2020 13:00",380
2,"08/07/2020 14:00",411
2,"08/07/2020 15:00",615
2,"08/07/2020 16:01",630
2,"08/07/2020 17:01",1569
2,"08/07/2020 18:01",363
2,"08/07/2020 19:01",240
2,"08/07/2020 20:00",386
2,"08/07/2020 21:00",588
2,"08/07/2020 22:00",1078
2,"08/07/2020 23:00",580
2,"09/07/2020 00:00",494
2,"09/07/2020 01:00",372
2,"09/07/2020 02:00",266
2,"09/07/2020 03:00",282
2,"09/07/2020 04:00",260
2,"09/07/2020 05:00",439
2,"09/07/2020 06:00",483
2,"09/07/2020 07:00",504
2,"09/07/2020 08:01",483
2,"09/07/2020 09:01",441
2,"09/07/2020 10:01",414
2,"09/07/2020 11:01",412
2,"09/07/2020 12:01",269
2,"09/07/2020 13:00",412
2,"09/07/2020 14:00",352
2,"09/07/2020 15:00",423
2,"09/07/2020 16:01",299
2,"09/07/2020 17:01",515
2,"09/07/2020 18:00",191
2,"09/07/2020 19:00",342
2,"09/07/2020 20:00",526
2,"09/07/2020 21:00",395
2,"09/07/2020 22:00",1149
2,"09/07/2020 23:00",380
2,"10/07/2020 00:00",282
2,"10/07/2020 01:00",143
2,"10/07/2020 02:00",182
2,"10/07/2020 03:00",263
2,"10/07/2020 04:00",402
2,"10/07/2020 05:00",572
2,"10/07/2020 06:00",416
2,"10/07/2020 07:00",483
2,"10/07/2020 08:01",533
2,"10/07/2020 09:01",370
2,"10/07/2020 10:01",315
2,"10/07/2020 11:01",288
2,"10/07/2020 12:00",476
2,"10/07/2020 13:00",368
2,"10/07/2020 14:00",306
2,"10/07/2020 15:00",533
2,"10/07/2020 16:00",361
2,"10/07/2020 17:00",324
2,"10/07/2020 18:00",313
2,"10/07/2020 19:00",541
2,"10/07/2020 20:00",411
2,"10/07/2020 21:00",349
2,"10/07/2020 22:00",1155
2,"10/07/2020 23:00",483
2,"11/07/2020 00:00",534
2,"11/07/2020 01:01",2537
2,"11/07/2020 02:01",327
2,"11/07/2020 03:01",428
2,"11/07/2020 04:00",449
2,"11/07/2020 05:00",633
2,"11/07/2020 06:00",495
2,"11/07/2020 07:00",482
2,"11/07/2020 08:01",450
2,"11/07/2020 09:01",361
2,"11/07/2020 10:01",197
2,"11/07/2020 11:00",420
2,"11/07/2020 12:00",281
2,"11/07/2020 13:00",353
2,"11/07/2020 14:00",364
2,"11/07/2020 15:00",181
2,"11/07/2020 16:00",282
2,"11/07/2020 17:00",290
2,"11/07/2020 18:00",367
2,"11/07/2020 19:00",317
2,"11/07/2020 20:00",465
2,"11/07/2020 21:00",288
2,"11/07/2020 22:00",342
2,"11/07/2020 23:01",447
2,"12/07/2020 00:01",288
2,"12/07/2020 01:01",453
2,"12/07/2020 02:01",457
2,"12/07/2020 03:00",417
2,"12/07/2020 04:00",454
2,"12/07/2020 05:00",538
2,"12/07/2020 06:01",1332
2,"12/07/2020 07:01",880
2,"12/07/2020 08:00",1043
2,"12/07/2020 09:00",730
2,"12/07/2020 10:00",811
2,"12/07/2020 11:00",776
2,"12/07/2020 12:00",746
2,"12/07/2020 13:00",749
2,"12/07/2020 14:00",931
2,"12/07/2020 15:00",765
2,"12/07/2020 16:00",800
2,"12/07/2020 17:00",672
2,"12/07/2020 18:01",868
2,"12/07/2020 19:00",811
2,"12/07/2020 20:00",651
2,"12/07/2020 21:00",471
2,"12/07/2020 22:00",953
2,"12/07/2020 23:01",725
2,"13/07/2020 00:01",873
2,"13/07/2020 01:01",657
2,"13/07/2020 02:01",840
2,"13/07/2020 03:00",829
2,"13/07/2020 04:00",805
2,"13/07/2020 05:00",996
2,"13/07/2020 06:00",1022
2,"13/07/2020 07:00",1013
2,"13/07/2020 08:00",964
2,"13/07/2020 09:00",603
2,"13/07/2020 10:00",872
2,"13/07/2020 11:00",945
2,"13/07/2020 12:00",774
2,"13/07/2020 13:00",1068
2,"13/07/2020 14:00",958
2,"13/07/2020 15:01",1097
2,"13/07/2020 16:01",921
2,"13/07/2020 17:01",1068
2,"13/07/2020 18:01",960
2,"13/07/2020 19:00",937
2,"13/07/2020 20:00",928
2,"13/07/2020 21:00",674
2,"13/07/2020 22:01",2160
2,"13/07/2020 23:01",1535
2,"14/07/2020 00:00",949
2,"14/07/2020 01:00",959
2,"14/07/2020 02:00",810
2,"14/07/2020 03:00",931
2,"14/07/2020 04:00",774
2,"14/07/2020 05:00",1039
2,"14/07/2020 06:00",1137
2,"14/07/2020 07:00",988
2,"14/07/2020 08:00",1006
2,"14/07/2020 09:00",1268
2,"14/07/2020 10:00",988
2,"14/07/2020 11:00",871
2,"14/07/2020 12:00",1049
2,"14/07/2020 13:01",1071
2,"14/07/2020 14:01",1228
2,"14/07/2020 15:01",1176
2,"14/07/2020 16:01",1244
2,"14/07/2020 17:00",809
2,"14/07/2020 18:00",1294
2,"14/07/2020 19:00",1438
2,"14/07/2020 20:00",932
2,"14/07/2020 21:00",691
2,"14/07/2020 22:00",900
2,"14/07/2020 23:00",865
2,"15/07/2020 00:00",1045
2,"15/07/2020 01:00",985
2,"15/07/2020 02:00",827
2,"15/07/2020 03:00",980
2,"15/07/2020 04:00",773
2,"15/07/2020 05:00",792
2,"15/07/2020 06:01",1115
2,"15/07/2020 07:01",617
2,"15/07/2020 08:01",916
2,"15/07/2020 09:00",984
2,"15/07/2020 10:00",1012
2,"15/07/2020 11:00",1019
2,"15/07/2020 12:00",1103
2,"15/07/2020 13:01",1087
2,"15/07/2020 14:01",1154
2,"15/07/2020 15:01",953
2,"15/07/2020 16:01",1134
2,"15/07/2020 17:00",1171
2,"15/07/2020 18:00",1293
2,"15/07/2020 19:00",1298
2,"15/07/2020 20:00",849
2,"15/07/2020 21:00",990
2,"15/07/2020 22:00",1950
2,"15/07/2020 23:00",1604
2,"16/07/2020 00:00",1085
2,"16/07/2020 01:00",2792
2,"16/07/2020 02:00",5506
2,"16/07/2020 03:00",5606
2,"16/07/2020 04:00",585
2,"16/07/2020 05:01",1045
2,"16/07/2020 06:01",1345
2,"16/07/2020 07:01",1090
2,"16/07/2020 08:01",1213
2,"16/07/2020 09:00",1009
2,"16/07/2020 10:00",814
2,"16/07/2020 11:00",1026
2,"16/07/2020 12:00",1562
2,"16/07/2020 13:00",6028
2,"16/07/2020 14:00",1229
2,"16/07/2020 15:00",911
2,"16/07/2020 16:00",1200
2,"16/07/2020 17:00",930
2,"16/07/2020 18:00",693
2,"16/07/2020 19:00",1234
2,"16/07/2020 20:00",802
2,"16/07/2020 21:00",782
2,"16/07/2020 22:01",1280
2,"16/07/2020 23:00",871
2,"17/07/2020 00:00",1202
2,"17/07/2020 01:00",1396
2,"17/07/2020 02:00",1301
2,"17/07/2020 03:01",1386
2,"17/07/2020 04:01",966
2,"17/07/2020 05:01",1025
2,"17/07/2020 06:01",1674
2,"17/07/2020 07:00",1551
2,"17/07/2020 08:00",1819
2,"17/07/2020 09:00",1509
2,"17/07/2020 10:00",1370
2,"17/07/2020 11:00",1402
2,"17/07/2020 12:00",1512
2,"17/07/2020 13:00",1889
2,"17/07/2020 14:00",1998
2,"17/07/2020 15:00",1577
2,"17/07/2020 16:00",1966
2,"17/07/2020 17:00",1917
2,"17/07/2020 18:00",5497
2,"17/07/2020 19:01",1551
2,"17/07/2020 20:01",1750
2,"17/07/2020 21:01",1694
2,"17/07/2020 22:01",2632
2,"17/07/2020 23:00",2351
2,"18/07/2020 00:00",1582
2,"18/07/2020 01:00",1506
2,"18/07/2020 02:00",1313
2,"18/07/2020 03:00",1707
2,"18/07/2020 04:00",1348
2,"18/07/2020 05:00",1095
2,"18/07/2020 06:00",1597
2,"18/07/2020 07:00",1466
2,"18/07/2020 08:00",1387
2,"18/07/2020 09:00",1788
2,"18/07/2020 10:00",1553
2,"18/07/2020 11:00",1349
2,"18/07/2020 12:01",1417
2,"18/07/2020 13:01",1644
2,"18/07/2020 14:00",1722
2,"18/07/2020 15:00",1806
2,"18/07/2020 16:00",1707
2,"18/07/2020 17:01",1296
2,"18/07/2020 18:01",1532
2,"18/07/2020 19:01",1820
2,"18/07/2020 20:00",1863
2,"18/07/2020 21:00",971
2,"18/07/2020 22:00",1547
2,"18/07/2020 23:00",1548
2,"19/07/2020 00:00",1496
2,"19/07/2020 01:00",1338
2,"19/07/2020 02:00",1225
2,"19/07/2020 03:00",988
2,"19/07/2020 04:00",1539
2,"19/07/2020 05:00",1476
2,"19/07/2020 06:00",1987
2,"19/07/2020 07:00",1901
2,"19/07/2020 08:00",1689
2,"19/07/2020 09:01",1288
2,"19/07/2020 10:01",5357
2,"19/07/2020 11:01",1399
2,"19/07/2020 12:01",1265
2,"19/07/2020 13:01",1566
2,"19/07/2020 14:00",1647
2,"19/07/2020 15:00",1858
2,"19/07/2020 16:00",1584
2,"19/07/2020 17:00",1353
2,"19/07/2020 18:00",2250
2,"19/07/2020 19:00",2165
2,"19/07/2020 20:00",1733
2,"19/07/2020 21:00",1897
2,"19/07/2020 22:00",1784
2,"19/07/2020 23:00",1519
2,"20/07/2020 00:00",697
2,"20/07/2020 01:00",1211
2,"20/07/2020 02:01",1246
2,"20/07/2020 03:01",1178
2,"20/07/2020 04:00",1199
2,"20/07/2020 05:00",671
2,"20/07/2020 06:00",1202
2,"20/07/2020 07:00",984
2,"20/07/2020 08:01",1333
2,"20/07/2020 09:01",964
2,"20/07/2020 10:01",756
2,"20/07/2020 11:01",994
2,"20/07/2020 12:00",739
2,"20/07/2020 13:00",1037
2,"20/07/2020 14:00",1225
2,"20/07/2020 15:00",984
2,"20/07/2020 16:00",1659
2,"20/07/2020 17:00",1425
2,"20/07/2020 18:00",1189
2,"20/07/2020 19:00",1559
2,"20/07/2020 20:00",1505
2,"20/07/2020 21:00",1623
2,"20/07/2020 22:01",1492
2,"20/07/2020 23:01",1102
2,"21/07/2020 00:01",805
2,"21/07/2020 01:00",1340
2,"21/07/2020 02:00",1327
2,"21/07/2020 03:00",1255
2,"21/07/2020 04:00",813
2,"21/07/2020 05:01",1078
2,"21/07/2020 06:01",892
2,"21/07/2020 07:01",1362
2,"21/07/2020 08:00",1356
2,"21/07/2020 09:00",806
2,"21/07/2020 10:00",1352
2,"21/07/2020 11:00",794
2,"21/07/2020 12:00",1196
2,"21/07/2020 13:00",1395
2,"21/07/2020 14:00",1198
2,"21/07/2020 15:00",919
2,"21/07/2020 16:00",1482
2,"21/07/2020 17:00",893
2,"21/07/2020 18:00",871
2,"21/07/2020 19:01",924
2,"21/07/2020 20:01",1397
2,"21/07/2020 21:01",682
2,"21/07/2020 22:01",1834
2,"21/07/2020 23:00",1527
2,"22/07/2020 00:00",510
2,"22/07/2020 01:00",1340
2,"22/07/2020 02:00",1372
2,"22/07/2020 03:00",1285
2,"22/07/2020 04:00",1047
2,"22/07/2020 05:00",783
2,"22/07/2020 06:00",1217
2,"22/07/2020 07:00",1011
2,"22/07/2020 08:00",1449
2,"22/07/2020 09:00",1396
2,"22/07/2020 10:00",1470
2,"22/07/2020 11:00",1391
