"INSTANCE_NUMBER","SGA","PGA","TOT","TIME"
1,206,43,249,"07/05/2020 00:00"
1,206,44,250,"07/05/2020 01:00"
1,206,43,249,"07/05/2020 02:00"
1,206,43,249,"07/05/2020 03:00"
1,206,43,249,"07/05/2020 04:00"
1,206,43,249,"07/05/2020 05:00"
1,206,43,249,"07/05/2020 06:00"
1,206,43,249,"07/05/2020 07:00"
1,206,43,249,"07/05/2020 08:00"
1,206,43,249,"07/05/2020 09:00"
1,206,43,249,"07/05/2020 10:00"
1,206,43,249,"07/05/2020 11:00"
1,206,43,249,"07/05/2020 12:00"
1,206,43,249,"07/05/2020 13:00"
1,206,43,249,"07/05/2020 14:00"
1,206,43,249,"07/05/2020 15:00"
1,206,43,249,"07/05/2020 16:00"
1,206,43,249,"07/05/2020 17:00"
1,206,43,249,"07/05/2020 18:00"
1,206,43,249,"07/05/2020 19:00"
1,206,43,249,"07/05/2020 20:00"
1,206,43,249,"07/05/2020 21:00"
1,206,43,249,"07/05/2020 22:00"
1,206,43,249,"07/05/2020 23:00"
1,206,43,249,"08/05/2020 00:00"
1,206,43,249,"08/05/2020 01:00"
1,206,43,249,"08/05/2020 02:00"
1,206,43,249,"08/05/2020 03:00"
1,206,43,249,"08/05/2020 04:00"
1,206,43,249,"08/05/2020 05:00"
1,206,43,249,"08/05/2020 06:00"
1,206,43,249,"08/05/2020 07:00"
1,206,43,249,"08/05/2020 08:00"
1,206,43,249,"08/05/2020 09:00"
1,206,43,249,"08/05/2020 10:00"
1,206,43,249,"08/05/2020 11:00"
1,206,43,249,"08/05/2020 12:00"
1,206,43,249,"08/05/2020 13:00"
1,206,43,249,"08/05/2020 14:00"
1,206,43,249,"08/05/2020 15:00"
1,206,43,249,"08/05/2020 16:00"
1,206,43,249,"08/05/2020 17:00"
1,206,43,249,"08/05/2020 18:00"
1,206,43,249,"08/05/2020 19:00"
1,206,43,249,"08/05/2020 20:00"
1,206,43,249,"08/05/2020 21:00"
1,206,43,249,"08/05/2020 22:00"
1,206,44,250,"08/05/2020 23:00"
1,206,43,249,"09/05/2020 00:00"
1,206,43,249,"09/05/2020 01:00"
1,206,43,249,"09/05/2020 02:00"
1,206,43,249,"09/05/2020 03:00"
1,206,43,249,"09/05/2020 04:00"
1,206,44,250,"09/05/2020 05:00"
1,206,43,249,"09/05/2020 06:00"
1,206,43,249,"09/05/2020 07:00"
1,206,44,250,"09/05/2020 08:00"
1,206,43,249,"09/05/2020 09:00"
1,206,43,249,"09/05/2020 10:00"
1,206,44,250,"09/05/2020 11:00"
1,206,43,249,"09/05/2020 12:00"
1,206,43,249,"09/05/2020 13:00"
1,206,43,249,"09/05/2020 14:00"
1,206,43,249,"09/05/2020 15:00"
1,206,43,249,"09/05/2020 16:00"
1,206,44,250,"09/05/2020 17:00"
1,206,44,250,"09/05/2020 18:00"
1,206,44,250,"09/05/2020 19:00"
1,206,43,249,"09/05/2020 20:00"
1,206,43,249,"09/05/2020 21:00"
1,206,43,249,"09/05/2020 22:00"
1,206,43,249,"09/05/2020 23:00"
1,206,43,249,"10/05/2020 00:00"
1,206,44,250,"10/05/2020 01:00"
1,206,44,250,"10/05/2020 02:00"
1,206,43,249,"10/05/2020 03:00"
1,206,44,250,"10/05/2020 04:00"
1,206,43,249,"10/05/2020 05:00"
1,206,44,250,"10/05/2020 06:00"
1,206,44,250,"10/05/2020 07:00"
1,206,43,249,"10/05/2020 08:00"
1,206,43,249,"10/05/2020 09:00"
1,206,43,249,"10/05/2020 10:00"
1,206,44,250,"10/05/2020 11:00"
1,206,44,250,"10/05/2020 12:00"
1,206,44,250,"10/05/2020 13:00"
1,206,44,250,"10/05/2020 14:00"
1,206,44,250,"10/05/2020 15:00"
1,206,44,250,"10/05/2020 16:00"
1,206,44,250,"10/05/2020 17:00"
1,206,44,250,"10/05/2020 18:00"
1,206,44,250,"10/05/2020 19:00"
1,206,44,250,"10/05/2020 20:00"
1,206,44,250,"10/05/2020 21:00"
1,206,44,250,"10/05/2020 22:00"
1,206,44,250,"10/05/2020 23:00"
1,206,44,250,"11/05/2020 00:00"
1,206,44,250,"11/05/2020 01:00"
1,206,44,250,"11/05/2020 02:00"
1,206,44,250,"11/05/2020 03:00"
1,206,44,250,"11/05/2020 04:00"
1,206,44,250,"11/05/2020 05:00"
1,206,44,250,"11/05/2020 06:00"
1,206,44,250,"11/05/2020 07:00"
1,206,44,250,"11/05/2020 08:00"
1,206,44,250,"11/05/2020 09:00"
1,206,44,250,"11/05/2020 10:00"
1,206,44,250,"11/05/2020 11:00"
1,206,44,250,"11/05/2020 12:00"
1,206,44,250,"11/05/2020 13:00"
1,206,44,250,"11/05/2020 14:00"
1,206,44,250,"11/05/2020 15:00"
1,206,44,250,"11/05/2020 16:00"
1,206,44,250,"11/05/2020 17:00"
1,206,44,250,"11/05/2020 18:00"
1,206,44,250,"11/05/2020 19:00"
1,206,44,250,"11/05/2020 20:00"
1,206,44,250,"11/05/2020 21:00"
1,206,44,250,"11/05/2020 22:00"
1,206,44,250,"11/05/2020 23:00"
1,206,44,250,"12/05/2020 00:00"
1,206,45,251,"12/05/2020 01:00"
1,206,44,250,"12/05/2020 02:00"
1,206,44,250,"12/05/2020 03:00"
1,206,44,250,"12/05/2020 04:00"
1,206,44,250,"12/05/2020 05:00"
1,206,44,250,"12/05/2020 06:00"
1,206,44,250,"12/05/2020 07:00"
1,206,44,250,"12/05/2020 08:00"
1,206,44,250,"12/05/2020 09:00"
1,206,44,250,"12/05/2020 10:00"
1,206,44,250,"12/05/2020 11:00"
1,206,44,250,"12/05/2020 12:00"
1,206,44,250,"12/05/2020 13:00"
1,206,44,250,"12/05/2020 14:00"
1,206,44,250,"12/05/2020 15:00"
1,206,44,250,"12/05/2020 16:00"
1,206,44,250,"12/05/2020 17:00"
1,206,44,250,"12/05/2020 18:00"
1,206,44,250,"12/05/2020 19:00"
1,206,44,250,"12/05/2020 20:00"
1,206,44,250,"12/05/2020 21:00"
1,206,44,250,"12/05/2020 22:00"
1,206,44,250,"12/05/2020 23:00"
1,206,44,250,"13/05/2020 00:00"
1,206,45,251,"13/05/2020 01:00"
1,206,44,250,"13/05/2020 02:00"
1,206,44,250,"13/05/2020 03:00"
1,206,44,250,"13/05/2020 04:00"
1,206,44,250,"13/05/2020 05:00"
1,206,44,250,"13/05/2020 06:00"
1,206,44,250,"13/05/2020 07:00"
1,206,44,250,"13/05/2020 08:00"
1,206,45,251,"13/05/2020 09:00"
1,206,44,250,"13/05/2020 10:00"
1,206,44,250,"13/05/2020 11:00"
1,206,45,251,"13/05/2020 12:00"
1,206,44,250,"13/05/2020 13:00"
1,206,43,249,"13/05/2020 14:00"
1,206,44,250,"13/05/2020 15:00"
1,206,43,249,"13/05/2020 16:00"
1,206,44,250,"13/05/2020 17:00"
1,206,45,251,"13/05/2020 18:00"
1,206,42,248,"13/05/2020 19:00"
1,206,43,249,"13/05/2020 20:00"
1,206,43,249,"13/05/2020 21:00"
1,206,43,249,"13/05/2020 22:00"
1,206,43,249,"13/05/2020 23:00"
1,206,43,249,"14/05/2020 00:00"
1,206,44,250,"14/05/2020 01:00"
1,206,43,249,"14/05/2020 02:00"
1,206,43,249,"14/05/2020 03:00"
1,206,43,249,"14/05/2020 04:00"
1,206,43,249,"14/05/2020 05:00"
1,206,43,249,"14/05/2020 06:00"
1,206,43,249,"14/05/2020 07:00"
1,206,43,249,"14/05/2020 08:00"
1,206,43,249,"14/05/2020 09:00"
1,206,43,249,"14/05/2020 10:00"
1,206,43,249,"14/05/2020 11:00"
1,206,43,249,"14/05/2020 12:00"
1,206,43,249,"14/05/2020 13:00"
1,206,43,249,"14/05/2020 14:00"
1,206,43,249,"14/05/2020 15:00"
1,206,43,249,"14/05/2020 16:00"
1,206,43,249,"14/05/2020 17:00"
1,206,43,249,"14/05/2020 18:00"
1,206,43,249,"14/05/2020 19:00"
1,206,44,250,"14/05/2020 20:00"
1,206,43,249,"14/05/2020 21:00"
1,206,44,250,"14/05/2020 22:00"
1,206,44,250,"14/05/2020 23:00"
1,206,44,250,"15/05/2020 00:00"
1,206,44,250,"15/05/2020 01:00"
1,206,43,249,"15/05/2020 02:00"
1,206,44,250,"15/05/2020 03:00"
1,206,44,250,"15/05/2020 04:00"
1,206,44,250,"15/05/2020 05:00"
1,206,44,250,"15/05/2020 06:00"
1,206,44,250,"15/05/2020 07:00"
1,206,44,250,"15/05/2020 08:00"
1,206,44,250,"15/05/2020 09:00"
1,206,44,250,"15/05/2020 10:00"
1,206,44,250,"15/05/2020 11:00"
1,206,44,250,"15/05/2020 12:00"
1,206,44,250,"15/05/2020 13:00"
1,206,44,250,"15/05/2020 14:00"
1,206,44,250,"15/05/2020 15:00"
1,206,44,250,"15/05/2020 16:00"
1,206,44,250,"15/05/2020 17:00"
1,206,44,250,"15/05/2020 18:00"
1,206,44,250,"15/05/2020 19:00"
1,206,44,250,"15/05/2020 20:00"
1,206,44,250,"15/05/2020 21:00"
1,206,44,250,"15/05/2020 22:00"
1,206,44,250,"15/05/2020 23:00"
1,206,44,250,"16/05/2020 00:00"
1,206,45,251,"16/05/2020 01:00"
1,206,44,250,"16/05/2020 02:00"
1,206,44,250,"16/05/2020 03:00"
1,206,44,250,"16/05/2020 04:00"
1,206,44,250,"16/05/2020 05:00"
1,206,44,250,"16/05/2020 06:00"
1,206,44,250,"16/05/2020 07:00"
1,206,44,250,"16/05/2020 08:00"
1,206,44,250,"16/05/2020 09:00"
1,206,44,250,"16/05/2020 10:00"
1,206,44,250,"16/05/2020 11:00"
1,206,44,250,"16/05/2020 12:00"
1,206,44,250,"16/05/2020 13:00"
1,206,44,250,"16/05/2020 14:00"
1,206,44,250,"16/05/2020 15:00"
1,206,44,250,"16/05/2020 16:00"
1,206,44,250,"16/05/2020 17:00"
1,206,44,250,"16/05/2020 18:00"
1,206,44,250,"16/05/2020 19:00"
1,206,44,250,"16/05/2020 20:00"
1,206,44,250,"16/05/2020 21:00"
1,206,44,250,"16/05/2020 22:00"
1,206,44,250,"16/05/2020 23:00"
1,206,44,250,"17/05/2020 00:00"
1,206,45,251,"17/05/2020 01:00"
1,206,44,250,"17/05/2020 02:00"
1,206,44,250,"17/05/2020 03:00"
1,206,44,250,"17/05/2020 04:00"
1,206,44,250,"17/05/2020 05:00"
1,206,45,251,"17/05/2020 06:00"
1,206,44,250,"17/05/2020 07:00"
1,206,44,250,"17/05/2020 08:00"
1,206,44,250,"17/05/2020 09:00"
1,206,44,250,"17/05/2020 10:00"
1,206,44,250,"17/05/2020 11:00"
1,206,44,250,"17/05/2020 12:00"
1,206,44,250,"17/05/2020 13:00"
1,206,44,250,"17/05/2020 14:00"
1,206,44,250,"17/05/2020 15:00"
1,206,44,250,"17/05/2020 16:00"
1,206,44,250,"17/05/2020 17:00"
1,206,44,250,"17/05/2020 18:00"
1,206,44,250,"17/05/2020 19:00"
1,206,44,250,"17/05/2020 20:00"
1,206,44,250,"17/05/2020 21:00"
1,206,44,250,"17/05/2020 22:00"
1,206,44,250,"17/05/2020 23:00"
1,206,44,250,"18/05/2020 00:00"
1,206,45,251,"18/05/2020 01:00"
1,206,44,250,"18/05/2020 02:00"
1,206,44,250,"18/05/2020 03:00"
1,206,44,250,"18/05/2020 04:00"
1,206,44,250,"18/05/2020 05:00"
1,206,44,250,"18/05/2020 06:00"
1,206,44,250,"18/05/2020 07:00"
1,206,42,248,"18/05/2020 08:00"
1,206,41,247,"18/05/2020 09:00"
1,206,40,246,"18/05/2020 10:00"
1,206,40,246,"18/05/2020 11:00"
1,206,41,247,"18/05/2020 12:00"
1,206,41,247,"18/05/2020 13:00"
1,206,41,247,"18/05/2020 14:00"
1,206,41,247,"18/05/2020 15:00"
1,206,41,247,"18/05/2020 16:00"
1,206,41,247,"18/05/2020 17:00"
1,206,42,248,"18/05/2020 18:00"
1,206,41,247,"18/05/2020 19:00"
1,206,41,247,"18/05/2020 20:00"
1,206,42,248,"18/05/2020 21:00"
1,206,42,248,"18/05/2020 22:00"
1,206,42,248,"18/05/2020 23:00"
1,206,42,248,"19/05/2020 00:00"
1,206,43,249,"19/05/2020 01:00"
1,206,42,248,"19/05/2020 02:00"
1,206,42,248,"19/05/2020 03:00"
1,206,42,248,"19/05/2020 04:00"
1,206,42,248,"19/05/2020 05:00"
1,206,42,248,"19/05/2020 06:00"
1,206,42,248,"19/05/2020 07:00"
1,206,42,248,"19/05/2020 08:00"
1,206,42,248,"19/05/2020 09:00"
1,206,42,248,"19/05/2020 10:00"
1,206,42,248,"19/05/2020 11:00"
1,206,42,248,"19/05/2020 12:00"
1,206,42,248,"19/05/2020 13:00"
1,206,42,248,"19/05/2020 14:00"
1,206,42,248,"19/05/2020 15:00"
1,206,42,248,"19/05/2020 16:00"
1,206,42,248,"19/05/2020 17:00"
1,206,42,248,"19/05/2020 18:00"
1,206,42,248,"19/05/2020 19:00"
1,206,42,248,"19/05/2020 20:00"
1,206,42,248,"19/05/2020 21:00"
1,206,42,248,"19/05/2020 22:00"
1,206,42,248,"19/05/2020 23:00"
1,206,42,248,"20/05/2020 00:00"
1,206,44,250,"20/05/2020 01:00"
1,206,42,248,"20/05/2020 02:00"
1,206,42,248,"20/05/2020 03:00"
1,206,42,248,"20/05/2020 04:00"
1,206,42,248,"20/05/2020 05:00"
1,206,42,248,"20/05/2020 06:00"
1,206,42,248,"20/05/2020 07:00"
1,206,42,248,"20/05/2020 08:00"
1,206,42,248,"20/05/2020 09:00"
1,206,43,249,"20/05/2020 10:00"
1,206,42,248,"20/05/2020 11:00"
1,206,42,248,"20/05/2020 12:00"
1,206,42,248,"20/05/2020 13:00"
1,206,42,248,"20/05/2020 14:00"
1,206,42,248,"20/05/2020 15:00"
1,206,42,248,"20/05/2020 16:00"
1,206,42,248,"20/05/2020 17:00"
1,206,42,248,"20/05/2020 18:00"
1,206,42,248,"20/05/2020 19:00"
1,206,43,249,"20/05/2020 20:00"
1,206,42,248,"20/05/2020 21:00"
1,206,42,248,"20/05/2020 22:00"
1,206,44,250,"20/05/2020 23:00"
1,206,44,250,"21/05/2020 00:00"
1,206,45,251,"21/05/2020 01:00"
1,206,42,248,"21/05/2020 02:00"
1,206,43,249,"21/05/2020 03:00"
1,206,42,248,"21/05/2020 04:00"
1,206,42,248,"21/05/2020 05:00"
1,206,42,248,"21/05/2020 06:00"
1,206,42,248,"21/05/2020 07:00"
1,206,42,248,"21/05/2020 08:00"
1,206,42,248,"21/05/2020 09:00"
1,206,42,248,"21/05/2020 10:00"
1,206,42,248,"21/05/2020 11:00"
1,206,42,248,"21/05/2020 12:00"
1,206,42,248,"21/05/2020 13:00"
1,206,43,249,"21/05/2020 14:00"
1,206,42,248,"21/05/2020 15:00"
1,206,43,249,"21/05/2020 16:00"
1,206,43,249,"21/05/2020 17:00"
1,206,42,248,"21/05/2020 18:00"
1,206,42,248,"21/05/2020 19:00"
1,206,42,248,"21/05/2020 20:00"
1,206,42,248,"21/05/2020 21:00"
1,206,43,249,"21/05/2020 22:00"
1,206,43,249,"21/05/2020 23:00"
1,206,43,249,"22/05/2020 00:00"
1,206,43,249,"22/05/2020 01:00"
1,206,43,249,"22/05/2020 02:00"
1,206,43,249,"22/05/2020 03:00"
1,206,43,249,"22/05/2020 04:00"
1,206,43,249,"22/05/2020 05:00"
1,206,43,249,"22/05/2020 06:00"
1,206,43,249,"22/05/2020 07:00"
1,206,43,249,"22/05/2020 08:00"
1,206,43,249,"22/05/2020 09:00"
1,206,43,249,"22/05/2020 10:00"
1,206,43,249,"22/05/2020 11:00"
1,206,43,249,"22/05/2020 12:00"
1,206,43,249,"22/05/2020 13:00"
1,206,43,249,"22/05/2020 14:00"
1,206,43,249,"22/05/2020 15:00"
1,206,43,249,"22/05/2020 16:00"
1,206,43,249,"22/05/2020 17:00"
1,206,43,249,"22/05/2020 18:00"
1,206,43,249,"22/05/2020 19:00"
1,206,43,249,"22/05/2020 20:00"
1,206,43,249,"22/05/2020 21:00"
1,206,43,249,"22/05/2020 22:00"
1,206,43,249,"22/05/2020 23:00"
1,206,44,250,"23/05/2020 00:00"
1,206,44,250,"23/05/2020 01:00"
1,206,43,249,"23/05/2020 02:00"
1,206,44,250,"23/05/2020 03:00"
1,206,43,249,"23/05/2020 04:00"
1,206,44,250,"23/05/2020 05:00"
1,206,44,250,"23/05/2020 06:00"
1,206,44,250,"23/05/2020 07:00"
1,206,44,250,"23/05/2020 08:00"
1,206,44,250,"23/05/2020 09:00"
1,206,44,250,"23/05/2020 10:00"
1,206,44,250,"23/05/2020 11:00"
1,206,44,250,"23/05/2020 12:00"
1,206,44,250,"23/05/2020 13:00"
1,206,44,250,"23/05/2020 14:00"
1,206,44,250,"23/05/2020 15:00"
1,206,44,250,"23/05/2020 16:00"
1,206,44,250,"23/05/2020 17:00"
1,206,44,250,"23/05/2020 18:00"
1,206,45,251,"23/05/2020 19:00"
1,206,44,250,"23/05/2020 20:00"
1,206,44,250,"23/05/2020 21:00"
1,206,45,251,"23/05/2020 22:00"
1,206,44,250,"23/05/2020 23:00"
1,206,45,251,"24/05/2020 00:00"
1,206,45,251,"24/05/2020 01:00"
1,206,44,250,"24/05/2020 02:00"
1,206,44,250,"24/05/2020 03:00"
1,206,44,250,"24/05/2020 04:00"
1,206,44,250,"24/05/2020 05:00"
1,206,44,250,"24/05/2020 06:00"
1,206,44,250,"24/05/2020 07:00"
1,206,44,250,"24/05/2020 08:00"
1,206,44,250,"24/05/2020 09:00"
1,206,44,250,"24/05/2020 10:00"
1,206,44,250,"24/05/2020 11:00"
1,206,45,251,"24/05/2020 12:00"
1,206,44,250,"24/05/2020 13:00"
1,206,44,250,"24/05/2020 14:00"
1,206,44,250,"24/05/2020 15:00"
1,206,44,250,"24/05/2020 16:00"
1,206,44,250,"24/05/2020 17:00"
1,206,44,250,"24/05/2020 18:00"
1,206,44,250,"24/05/2020 19:00"
1,206,45,251,"24/05/2020 20:00"
1,206,44,250,"24/05/2020 21:00"
1,206,44,250,"24/05/2020 22:00"
1,206,45,251,"24/05/2020 23:00"
1,206,44,250,"25/05/2020 00:00"
1,206,38,244,"25/05/2020 01:00"
1,206,40,246,"25/05/2020 02:00"
1,206,42,248,"25/05/2020 03:00"
1,206,42,248,"25/05/2020 04:00"
1,206,41,247,"25/05/2020 05:00"
1,206,41,247,"25/05/2020 06:00"
1,206,41,247,"25/05/2020 07:00"
1,206,42,248,"25/05/2020 08:00"
1,206,42,248,"25/05/2020 09:00"
1,206,42,248,"25/05/2020 10:00"
1,206,41,247,"25/05/2020 11:00"
1,206,42,248,"25/05/2020 12:00"
1,206,42,248,"25/05/2020 13:00"
1,206,42,248,"25/05/2020 14:00"
1,206,43,249,"25/05/2020 15:00"
1,206,42,248,"25/05/2020 16:00"
1,206,42,248,"25/05/2020 17:00"
1,206,42,248,"25/05/2020 18:00"
1,206,42,248,"25/05/2020 19:00"
1,206,42,248,"25/05/2020 20:00"
1,206,42,248,"25/05/2020 21:00"
1,206,42,248,"25/05/2020 22:00"
1,206,43,249,"25/05/2020 23:00"
1,206,43,249,"26/05/2020 00:00"
1,206,45,251,"26/05/2020 01:00"
1,206,43,249,"26/05/2020 02:00"
1,206,43,249,"26/05/2020 03:00"
1,206,43,249,"26/05/2020 04:00"
1,206,43,249,"26/05/2020 05:00"
1,206,43,249,"26/05/2020 06:00"
1,206,43,249,"26/05/2020 07:00"
1,206,43,249,"26/05/2020 08:00"
1,206,43,249,"26/05/2020 09:00"
1,206,43,249,"26/05/2020 10:00"
1,206,43,249,"26/05/2020 11:00"
1,206,43,249,"26/05/2020 12:00"
1,206,44,250,"26/05/2020 13:00"
1,206,43,249,"26/05/2020 14:00"
1,206,43,249,"26/05/2020 15:00"
1,206,44,250,"26/05/2020 16:00"
1,206,42,248,"26/05/2020 17:00"
1,206,43,249,"26/05/2020 18:00"
1,206,43,249,"26/05/2020 19:00"
1,206,43,249,"26/05/2020 20:00"
1,206,43,249,"26/05/2020 21:00"
1,206,44,250,"26/05/2020 22:00"
1,206,43,249,"26/05/2020 23:00"
1,206,44,250,"27/05/2020 00:00"
1,206,45,251,"27/05/2020 01:00"
1,206,44,250,"27/05/2020 02:00"
1,206,43,249,"27/05/2020 03:00"
1,206,42,248,"27/05/2020 04:00"
1,206,43,249,"27/05/2020 05:00"
1,206,44,250,"27/05/2020 06:00"
1,206,44,250,"27/05/2020 07:00"
1,206,43,249,"27/05/2020 08:00"
1,206,44,250,"27/05/2020 09:00"
1,206,44,250,"27/05/2020 10:00"
1,206,43,249,"27/05/2020 11:00"
1,206,43,249,"27/05/2020 12:00"
1,206,44,250,"27/05/2020 13:00"
1,206,44,250,"27/05/2020 14:00"
1,206,45,251,"27/05/2020 15:00"
1,206,45,251,"27/05/2020 16:00"
1,206,44,250,"27/05/2020 17:00"
1,206,44,250,"27/05/2020 18:00"
1,206,44,250,"27/05/2020 19:00"
1,206,43,249,"27/05/2020 20:00"
1,206,43,249,"27/05/2020 21:00"
1,206,43,249,"27/05/2020 22:00"
1,206,43,249,"27/05/2020 23:00"
1,206,44,250,"28/05/2020 00:00"
1,206,45,251,"28/05/2020 01:00"
1,206,45,251,"28/05/2020 02:00"
1,206,43,249,"28/05/2020 03:00"
1,206,43,249,"28/05/2020 04:00"
1,206,43,249,"28/05/2020 05:00"
1,206,43,249,"28/05/2020 06:00"
1,206,44,250,"28/05/2020 07:00"
1,206,43,249,"28/05/2020 08:00"
1,206,44,250,"28/05/2020 09:00"
1,206,43,249,"28/05/2020 10:00"
1,206,44,250,"28/05/2020 11:00"
1,206,44,250,"28/05/2020 12:00"
1,206,44,250,"28/05/2020 13:00"
1,206,44,250,"28/05/2020 14:00"
1,206,44,250,"28/05/2020 15:00"
1,206,44,250,"28/05/2020 16:00"
1,206,43,249,"28/05/2020 17:00"
1,206,43,249,"28/05/2020 18:00"
1,206,43,249,"28/05/2020 19:00"
1,206,44,250,"28/05/2020 20:00"
1,206,45,251,"28/05/2020 21:00"
1,206,43,249,"28/05/2020 22:00"
1,206,43,249,"28/05/2020 23:00"
1,206,43,249,"29/05/2020 00:00"
1,206,45,251,"29/05/2020 01:00"
1,206,45,251,"29/05/2020 02:00"
1,206,43,249,"29/05/2020 03:00"
1,206,43,249,"29/05/2020 04:00"
1,206,43,249,"29/05/2020 05:00"
1,206,44,250,"29/05/2020 06:00"
1,206,43,249,"29/05/2020 07:00"
1,206,43,249,"29/05/2020 08:00"
1,206,43,249,"29/05/2020 09:00"
1,206,43,249,"29/05/2020 10:00"
1,206,43,249,"29/05/2020 11:00"
1,206,43,249,"29/05/2020 12:00"
1,206,43,249,"29/05/2020 13:00"
1,206,44,250,"29/05/2020 14:00"
1,206,43,249,"29/05/2020 15:00"
1,206,45,251,"29/05/2020 16:00"
1,206,43,249,"29/05/2020 17:00"
1,206,43,249,"29/05/2020 18:00"
1,206,43,249,"29/05/2020 19:00"
1,206,43,249,"29/05/2020 20:00"
1,206,43,249,"29/05/2020 21:00"
1,206,43,249,"29/05/2020 22:00"
1,206,43,249,"29/05/2020 23:00"
1,206,43,249,"30/05/2020 00:00"
1,206,44,250,"30/05/2020 01:00"
1,206,44,250,"30/05/2020 02:00"
1,206,43,249,"30/05/2020 03:00"
1,206,43,249,"30/05/2020 04:00"
1,206,43,249,"30/05/2020 05:00"
1,206,43,249,"30/05/2020 06:00"
1,206,43,249,"30/05/2020 07:00"
1,206,42,248,"30/05/2020 08:00"
1,206,42,248,"30/05/2020 09:00"
1,206,42,248,"30/05/2020 10:00"
1,206,42,248,"30/05/2020 11:00"
1,206,42,248,"30/05/2020 12:00"
1,206,42,248,"30/05/2020 13:00"
1,206,43,249,"30/05/2020 14:00"
1,206,43,249,"30/05/2020 15:00"
1,206,42,248,"30/05/2020 16:00"
1,206,43,249,"30/05/2020 17:00"
1,206,42,248,"30/05/2020 18:00"
1,206,42,248,"30/05/2020 19:00"
1,206,43,249,"30/05/2020 20:00"
1,206,42,248,"30/05/2020 21:00"
1,206,42,248,"30/05/2020 22:00"
1,206,42,248,"30/05/2020 23:00"
1,206,43,249,"31/05/2020 00:00"
1,206,44,250,"31/05/2020 01:00"
1,206,43,249,"31/05/2020 02:00"
1,206,43,249,"31/05/2020 03:00"
1,206,43,249,"31/05/2020 04:00"
1,206,43,249,"31/05/2020 05:00"
1,206,44,250,"31/05/2020 06:00"
1,206,43,249,"31/05/2020 07:00"
1,206,43,249,"31/05/2020 08:00"
1,206,43,249,"31/05/2020 09:00"
1,206,43,249,"31/05/2020 10:00"
1,206,43,249,"31/05/2020 11:00"
1,206,43,249,"31/05/2020 12:00"
1,206,43,249,"31/05/2020 13:00"
1,206,43,249,"31/05/2020 14:00"
1,206,43,249,"31/05/2020 15:00"
1,206,43,249,"31/05/2020 16:00"
1,206,44,250,"31/05/2020 17:00"
1,206,43,249,"31/05/2020 18:00"
1,206,43,249,"31/05/2020 19:00"
1,206,43,249,"31/05/2020 20:00"
1,206,43,249,"31/05/2020 21:00"
1,206,43,249,"31/05/2020 22:00"
1,206,43,249,"31/05/2020 23:00"
1,206,44,250,"01/06/2020 00:00"
1,206,45,251,"01/06/2020 01:00"
1,206,45,251,"01/06/2020 02:00"
1,206,45,251,"01/06/2020 03:00"
1,206,45,251,"01/06/2020 04:00"
1,206,44,250,"01/06/2020 05:00"
1,206,44,250,"01/06/2020 06:00"
1,206,44,250,"01/06/2020 07:00"
1,206,44,250,"01/06/2020 08:00"
1,206,44,250,"01/06/2020 09:00"
1,206,45,251,"01/06/2020 10:00"
1,206,44,250,"01/06/2020 11:00"
1,206,44,250,"01/06/2020 12:00"
1,206,44,250,"01/06/2020 13:00"
1,206,44,250,"01/06/2020 14:00"
1,206,45,251,"01/06/2020 15:00"
1,206,44,250,"01/06/2020 16:00"
1,206,44,250,"01/06/2020 17:00"
1,206,45,251,"01/06/2020 18:00"
1,206,45,251,"01/06/2020 19:00"
1,206,44,250,"01/06/2020 20:00"
1,206,45,251,"01/06/2020 21:00"
1,206,44,250,"01/06/2020 22:00"
1,206,44,250,"01/06/2020 23:00"
1,206,44,250,"02/06/2020 00:00"
1,206,45,251,"02/06/2020 01:00"
1,206,43,249,"02/06/2020 02:00"
1,206,43,249,"02/06/2020 03:00"
1,206,43,249,"02/06/2020 04:00"
1,206,43,249,"02/06/2020 05:00"
1,206,44,250,"02/06/2020 06:00"
1,206,43,249,"02/06/2020 07:00"
1,206,44,250,"02/06/2020 08:00"
1,206,44,250,"02/06/2020 09:00"
1,206,43,249,"02/06/2020 10:00"
1,206,44,250,"02/06/2020 11:00"
1,206,43,249,"02/06/2020 12:00"
1,206,45,251,"02/06/2020 13:00"
1,206,45,251,"02/06/2020 14:00"
1,206,44,250,"02/06/2020 15:00"
1,206,45,251,"02/06/2020 16:00"
1,206,45,251,"02/06/2020 17:00"
1,206,45,251,"02/06/2020 18:00"
1,206,44,250,"02/06/2020 19:00"
1,206,44,250,"02/06/2020 20:00"
1,206,44,250,"02/06/2020 21:00"
1,206,44,250,"02/06/2020 22:00"
1,206,44,250,"02/06/2020 23:00"
1,206,44,250,"03/06/2020 00:00"
1,206,45,251,"03/06/2020 01:00"
1,206,43,249,"03/06/2020 02:00"
1,206,43,249,"03/06/2020 03:00"
1,206,43,249,"03/06/2020 04:00"
1,206,43,249,"03/06/2020 05:00"
1,206,44,250,"03/06/2020 06:00"
1,206,43,249,"03/06/2020 07:00"
1,206,44,250,"03/06/2020 08:00"
1,206,44,250,"03/06/2020 09:00"
1,206,44,250,"03/06/2020 10:00"
1,206,44,250,"03/06/2020 11:00"
1,206,42,248,"03/06/2020 12:00"
1,206,40,246,"03/06/2020 13:00"
1,206,40,246,"03/06/2020 14:00"
1,206,40,246,"03/06/2020 15:00"
1,206,40,246,"03/06/2020 16:00"
1,206,40,246,"03/06/2020 17:00"
1,206,40,246,"03/06/2020 18:00"
1,206,40,246,"03/06/2020 19:00"
1,206,40,246,"03/06/2020 20:00"
1,206,40,246,"03/06/2020 21:00"
1,206,41,247,"03/06/2020 22:00"
1,206,41,247,"03/06/2020 23:00"
1,206,41,247,"04/06/2020 00:00"
1,206,42,248,"04/06/2020 01:00"
1,206,41,247,"04/06/2020 02:00"
1,206,41,247,"04/06/2020 03:00"
1,206,41,247,"04/06/2020 04:00"
1,206,41,247,"04/06/2020 05:00"
1,206,41,247,"04/06/2020 06:00"
1,206,41,247,"04/06/2020 07:00"
1,206,41,247,"04/06/2020 08:00"
1,206,41,247,"04/06/2020 09:00"
1,206,42,248,"04/06/2020 10:00"
1,206,40,246,"04/06/2020 11:00"
1,206,40,246,"04/06/2020 12:00"
1,206,40,246,"04/06/2020 13:00"
1,206,40,246,"04/06/2020 14:00"
1,206,40,246,"04/06/2020 15:00"
1,206,40,246,"04/06/2020 16:00"
1,206,41,247,"04/06/2020 17:00"
1,206,41,247,"04/06/2020 18:00"
1,206,41,247,"04/06/2020 19:00"
1,206,41,247,"04/06/2020 20:00"
1,206,42,248,"04/06/2020 21:00"
1,206,42,248,"04/06/2020 22:00"
1,206,41,247,"04/06/2020 23:00"
1,206,41,247,"05/06/2020 00:00"
1,206,44,250,"05/06/2020 01:00"
1,206,43,249,"05/06/2020 02:00"
1,206,42,248,"05/06/2020 03:00"
1,206,43,249,"05/06/2020 04:00"
1,206,43,249,"05/06/2020 05:00"
1,206,43,249,"05/06/2020 06:00"
1,206,43,249,"05/06/2020 07:00"
1,206,43,249,"05/06/2020 08:00"
1,206,43,249,"05/06/2020 09:00"
1,206,43,249,"05/06/2020 10:00"
1,206,43,249,"05/06/2020 11:00"
1,206,43,249,"05/06/2020 12:00"
1,206,44,250,"05/06/2020 13:00"
1,206,43,249,"05/06/2020 14:00"
1,206,43,249,"05/06/2020 15:00"
1,206,43,249,"05/06/2020 16:00"
1,206,45,251,"05/06/2020 17:00"
1,206,43,249,"05/06/2020 18:00"
1,206,43,249,"05/06/2020 19:00"
1,206,43,249,"05/06/2020 20:00"
1,206,43,249,"05/06/2020 21:00"
1,206,43,249,"05/06/2020 22:00"
1,206,43,249,"05/06/2020 23:00"
1,206,43,249,"06/06/2020 00:00"
1,206,44,250,"06/06/2020 01:00"
1,206,43,249,"06/06/2020 02:00"
1,206,43,249,"06/06/2020 03:00"
1,206,44,250,"06/06/2020 04:00"
1,206,44,250,"06/06/2020 05:00"
1,206,43,249,"06/06/2020 06:00"
1,206,43,249,"06/06/2020 07:00"
1,206,43,249,"06/06/2020 08:00"
1,206,43,249,"06/06/2020 09:00"
1,206,43,249,"06/06/2020 10:00"
1,206,43,249,"06/06/2020 11:00"
1,206,43,249,"06/06/2020 12:00"
1,206,44,250,"06/06/2020 13:00"
1,206,43,249,"06/06/2020 14:00"
2,206,41,247,"07/05/2020 00:00"
2,206,42,248,"07/05/2020 01:00"
2,206,41,247,"07/05/2020 02:00"
2,206,41,247,"07/05/2020 03:00"
2,206,41,247,"07/05/2020 04:00"
2,206,41,247,"07/05/2020 05:00"
2,206,41,247,"07/05/2020 06:00"
2,206,41,247,"07/05/2020 07:00"
2,206,41,247,"07/05/2020 08:00"
2,206,41,247,"07/05/2020 09:00"
2,206,41,247,"07/05/2020 10:00"
2,206,41,247,"07/05/2020 11:00"
2,206,41,247,"07/05/2020 12:00"
2,206,43,249,"07/05/2020 13:00"
2,206,43,249,"07/05/2020 14:00"
2,206,42,248,"07/05/2020 15:00"
2,206,41,247,"07/05/2020 16:00"
2,206,42,248,"07/05/2020 17:00"
2,206,40,246,"07/05/2020 18:00"
2,206,41,247,"07/05/2020 19:00"
2,206,41,247,"07/05/2020 20:00"
2,206,42,248,"07/05/2020 21:00"
2,206,43,249,"07/05/2020 22:00"
2,206,41,247,"07/05/2020 23:00"
2,206,41,247,"08/05/2020 00:00"
2,206,43,249,"08/05/2020 01:00"
2,206,41,247,"08/05/2020 02:00"
2,206,41,247,"08/05/2020 03:00"
2,206,41,247,"08/05/2020 04:00"
2,206,42,248,"08/05/2020 05:00"
2,206,41,247,"08/05/2020 06:00"
2,206,41,247,"08/05/2020 07:00"
2,206,42,248,"08/05/2020 08:00"
2,206,42,248,"08/05/2020 09:00"
2,206,42,248,"08/05/2020 10:00"
2,206,42,248,"08/05/2020 11:00"
2,206,41,247,"08/05/2020 12:00"
2,206,41,247,"08/05/2020 13:00"
2,206,41,247,"08/05/2020 14:00"
2,206,41,247,"08/05/2020 15:00"
2,206,41,247,"08/05/2020 16:00"
2,206,41,247,"08/05/2020 17:00"
2,206,41,247,"08/05/2020 18:00"
2,206,42,248,"08/05/2020 19:00"
2,206,42,248,"08/05/2020 20:00"
2,206,42,248,"08/05/2020 21:00"
2,206,42,248,"08/05/2020 22:00"
2,206,42,248,"08/05/2020 23:00"
2,206,42,248,"09/05/2020 00:00"
2,206,42,248,"09/05/2020 01:00"
2,206,42,248,"09/05/2020 02:00"
2,206,42,248,"09/05/2020 03:00"
2,206,42,248,"09/05/2020 04:00"
2,206,42,248,"09/05/2020 05:00"
2,206,43,249,"09/05/2020 06:00"
2,206,43,249,"09/05/2020 07:00"
2,206,42,248,"09/05/2020 08:00"
2,206,43,249,"09/05/2020 09:00"
2,206,43,249,"09/05/2020 10:00"
2,206,42,248,"09/05/2020 11:00"
2,206,42,248,"09/05/2020 12:00"
2,206,42,248,"09/05/2020 13:00"
2,206,42,248,"09/05/2020 14:00"
2,206,42,248,"09/05/2020 15:00"
2,206,42,248,"09/05/2020 16:00"
2,206,42,248,"09/05/2020 17:00"
2,206,43,249,"09/05/2020 18:00"
2,206,43,249,"09/05/2020 19:00"
2,206,42,248,"09/05/2020 20:00"
2,206,43,249,"09/05/2020 21:00"
2,206,42,248,"09/05/2020 22:00"
2,206,42,248,"09/05/2020 23:00"
2,206,43,249,"10/05/2020 00:00"
2,206,44,250,"10/05/2020 01:00"
2,206,43,249,"10/05/2020 02:00"
2,206,43,249,"10/05/2020 03:00"
2,206,43,249,"10/05/2020 04:00"
2,206,43,249,"10/05/2020 05:00"
2,206,45,251,"10/05/2020 06:00"
2,206,42,248,"10/05/2020 07:00"
2,206,43,249,"10/05/2020 08:00"
2,206,43,249,"10/05/2020 09:00"
2,206,43,249,"10/05/2020 10:00"
2,206,42,248,"10/05/2020 11:00"
2,206,42,248,"10/05/2020 12:00"
2,206,42,248,"10/05/2020 13:00"
2,206,42,248,"10/05/2020 14:00"
2,206,43,249,"10/05/2020 15:00"
2,206,43,249,"10/05/2020 16:00"
2,206,43,249,"10/05/2020 17:00"
2,206,43,249,"10/05/2020 18:00"
2,206,42,248,"10/05/2020 19:00"
2,206,42,248,"10/05/2020 20:00"
2,206,42,248,"10/05/2020 21:00"
2,206,42,248,"10/05/2020 22:00"
2,206,43,249,"10/05/2020 23:00"
2,206,43,249,"11/05/2020 00:00"
2,206,42,248,"11/05/2020 01:00"
2,206,43,249,"11/05/2020 02:00"
2,206,43,249,"11/05/2020 03:00"
2,206,42,248,"11/05/2020 04:00"
2,206,43,249,"11/05/2020 05:00"
2,206,43,249,"11/05/2020 06:00"
2,206,43,249,"11/05/2020 07:00"
2,206,43,249,"11/05/2020 08:00"
2,206,43,249,"11/05/2020 09:00"
2,206,43,249,"11/05/2020 10:00"
2,206,43,249,"11/05/2020 11:00"
2,206,43,249,"11/05/2020 12:00"
2,206,43,249,"11/05/2020 13:00"
2,206,43,249,"11/05/2020 14:00"
2,206,43,249,"11/05/2020 15:00"
2,206,43,249,"11/05/2020 16:00"
2,206,43,249,"11/05/2020 17:00"
2,206,43,249,"11/05/2020 18:00"
2,206,44,250,"11/05/2020 19:00"
2,206,43,249,"11/05/2020 20:00"
2,206,43,249,"11/05/2020 21:00"
2,206,43,249,"11/05/2020 22:00"
2,206,43,249,"11/05/2020 23:00"
2,206,43,249,"12/05/2020 00:00"
2,206,44,250,"12/05/2020 01:00"
2,206,43,249,"12/05/2020 02:00"
2,206,43,249,"12/05/2020 03:00"
2,206,43,249,"12/05/2020 04:00"
2,206,44,250,"12/05/2020 05:00"
2,206,42,248,"12/05/2020 06:00"
2,206,43,249,"12/05/2020 07:00"
2,206,43,249,"12/05/2020 08:00"
2,206,42,248,"12/05/2020 09:00"
2,206,43,249,"12/05/2020 10:00"
2,206,43,249,"12/05/2020 11:00"
2,206,43,249,"12/05/2020 12:00"
2,206,43,249,"12/05/2020 13:00"
2,206,43,249,"12/05/2020 14:00"
2,206,43,249,"12/05/2020 15:00"
2,206,42,248,"12/05/2020 16:00"
2,206,43,249,"12/05/2020 17:00"
2,206,42,248,"12/05/2020 18:00"
2,206,43,249,"12/05/2020 19:00"
2,206,42,248,"12/05/2020 20:00"
2,206,43,249,"12/05/2020 21:00"
2,206,43,249,"12/05/2020 22:00"
2,206,43,249,"12/05/2020 23:00"
2,206,43,249,"13/05/2020 00:00"
2,206,43,249,"13/05/2020 01:00"
2,206,42,248,"13/05/2020 02:00"
2,206,42,248,"13/05/2020 03:00"
2,206,42,248,"13/05/2020 04:00"
2,206,43,249,"13/05/2020 05:00"
2,206,43,249,"13/05/2020 06:00"
2,206,43,249,"13/05/2020 07:00"
2,206,43,249,"13/05/2020 08:00"
2,206,42,248,"13/05/2020 09:00"
2,206,42,248,"13/05/2020 10:00"
2,206,43,249,"13/05/2020 11:00"
2,206,42,248,"13/05/2020 12:00"
2,206,42,248,"13/05/2020 13:00"
2,206,42,248,"13/05/2020 14:00"
2,206,42,248,"13/05/2020 15:00"
2,206,42,248,"13/05/2020 16:00"
2,206,42,248,"13/05/2020 17:00"
2,206,42,248,"13/05/2020 18:00"
2,206,43,249,"13/05/2020 19:00"
2,206,42,248,"13/05/2020 20:00"
2,206,43,249,"13/05/2020 21:00"
2,206,42,248,"13/05/2020 22:00"
2,206,43,249,"13/05/2020 23:00"
2,206,42,248,"14/05/2020 00:00"
2,206,43,249,"14/05/2020 01:00"
2,206,43,249,"14/05/2020 02:00"
2,206,43,249,"14/05/2020 03:00"
2,206,42,248,"14/05/2020 04:00"
2,206,42,248,"14/05/2020 05:00"
2,206,42,248,"14/05/2020 06:00"
2,206,42,248,"14/05/2020 07:00"
2,206,42,248,"14/05/2020 08:00"
2,206,43,249,"14/05/2020 09:00"
2,206,42,248,"14/05/2020 10:00"
2,206,42,248,"14/05/2020 11:00"
2,206,42,248,"14/05/2020 12:00"
2,206,42,248,"14/05/2020 13:00"
2,206,42,248,"14/05/2020 14:00"
2,206,42,248,"14/05/2020 15:00"
2,206,43,249,"14/05/2020 16:00"
2,206,43,249,"14/05/2020 17:00"
2,206,42,248,"14/05/2020 18:00"
2,206,42,248,"14/05/2020 19:00"
2,206,43,249,"14/05/2020 20:00"
2,206,43,249,"14/05/2020 21:00"
2,206,42,248,"14/05/2020 22:00"
2,206,43,249,"14/05/2020 23:00"
2,206,42,248,"15/05/2020 00:00"
2,206,44,250,"15/05/2020 01:00"
2,206,43,249,"15/05/2020 02:00"
2,206,43,249,"15/05/2020 03:00"
2,206,43,249,"15/05/2020 04:00"
2,206,43,249,"15/05/2020 05:00"
2,206,43,249,"15/05/2020 06:00"
2,206,43,249,"15/05/2020 07:00"
2,206,43,249,"15/05/2020 08:00"
2,206,42,248,"15/05/2020 09:00"
2,206,42,248,"15/05/2020 10:00"
2,206,42,248,"15/05/2020 11:00"
2,206,42,248,"15/05/2020 12:00"
2,206,42,248,"15/05/2020 13:00"
2,206,42,248,"15/05/2020 14:00"
2,206,43,249,"15/05/2020 15:00"
2,206,43,249,"15/05/2020 16:00"
2,206,43,249,"15/05/2020 17:00"
2,206,43,249,"15/05/2020 18:00"
2,206,42,248,"15/05/2020 19:00"
2,206,42,248,"15/05/2020 20:00"
2,206,43,249,"15/05/2020 21:00"
2,206,43,249,"15/05/2020 22:00"
2,206,42,248,"15/05/2020 23:00"
2,206,42,248,"16/05/2020 00:00"
2,206,43,249,"16/05/2020 01:00"
2,206,43,249,"16/05/2020 02:00"
2,206,43,249,"16/05/2020 03:00"
2,206,43,249,"16/05/2020 04:00"
2,206,43,249,"16/05/2020 05:00"
2,206,44,250,"16/05/2020 06:00"
2,206,42,248,"16/05/2020 07:00"
2,206,42,248,"16/05/2020 08:00"
2,206,42,248,"16/05/2020 09:00"
2,206,42,248,"16/05/2020 10:00"
2,206,42,248,"16/05/2020 11:00"
2,206,42,248,"16/05/2020 12:00"
2,206,42,248,"16/05/2020 13:00"
2,206,42,248,"16/05/2020 14:00"
2,206,42,248,"16/05/2020 15:00"
2,206,42,248,"16/05/2020 16:00"
2,206,42,248,"16/05/2020 17:00"
2,206,42,248,"16/05/2020 18:00"
2,206,42,248,"16/05/2020 19:00"
2,206,42,248,"16/05/2020 20:00"
2,206,42,248,"16/05/2020 21:00"
2,206,42,248,"16/05/2020 22:00"
2,206,42,248,"16/05/2020 23:00"
2,206,42,248,"17/05/2020 00:00"
2,206,43,249,"17/05/2020 01:00"
2,206,42,248,"17/05/2020 02:00"
2,206,42,248,"17/05/2020 03:00"
2,206,42,248,"17/05/2020 04:00"
2,206,42,248,"17/05/2020 05:00"
2,206,44,250,"17/05/2020 06:00"
2,206,42,248,"17/05/2020 07:00"
2,206,42,248,"17/05/2020 08:00"
2,206,42,248,"17/05/2020 09:00"
2,206,42,248,"17/05/2020 10:00"
2,206,42,248,"17/05/2020 11:00"
2,206,42,248,"17/05/2020 12:00"
2,206,42,248,"17/05/2020 13:00"
2,206,42,248,"17/05/2020 14:00"
2,206,42,248,"17/05/2020 15:00"
2,206,42,248,"17/05/2020 16:00"
2,206,42,248,"17/05/2020 17:00"
2,206,42,248,"17/05/2020 18:00"
2,206,42,248,"17/05/2020 19:00"
2,206,42,248,"17/05/2020 20:00"
2,206,42,248,"17/05/2020 21:00"
2,206,42,248,"17/05/2020 22:00"
2,206,42,248,"17/05/2020 23:00"
2,206,42,248,"18/05/2020 00:00"
2,206,44,250,"18/05/2020 01:00"
2,206,42,248,"18/05/2020 02:00"
2,206,43,249,"18/05/2020 03:00"
2,206,42,248,"18/05/2020 04:00"
2,206,43,249,"18/05/2020 05:00"
2,206,42,248,"18/05/2020 06:00"
2,206,42,248,"18/05/2020 07:00"
2,206,39,245,"18/05/2020 08:00"
2,206,39,245,"18/05/2020 09:00"
2,206,37,243,"18/05/2020 10:00"
2,206,38,244,"18/05/2020 11:00"
2,206,39,245,"18/05/2020 12:00"
2,206,38,244,"18/05/2020 13:00"
2,206,39,245,"18/05/2020 14:00"
2,206,39,245,"18/05/2020 15:00"
2,206,39,245,"18/05/2020 16:00"
2,206,40,246,"18/05/2020 17:00"
2,206,40,246,"18/05/2020 18:00"
2,206,40,246,"18/05/2020 19:00"
2,206,39,245,"18/05/2020 20:00"
2,206,39,245,"18/05/2020 21:00"
2,206,39,245,"18/05/2020 22:00"
2,206,40,246,"18/05/2020 23:00"
2,206,41,247,"19/05/2020 00:00"
2,206,41,247,"19/05/2020 01:00"
2,206,40,246,"19/05/2020 02:00"
2,206,40,246,"19/05/2020 03:00"
2,206,40,246,"19/05/2020 04:00"
2,206,41,247,"19/05/2020 05:00"
2,206,41,247,"19/05/2020 06:00"
2,206,41,247,"19/05/2020 07:00"
2,206,41,247,"19/05/2020 08:00"
2,206,41,247,"19/05/2020 09:00"
2,206,41,247,"19/05/2020 10:00"
2,206,41,247,"19/05/2020 11:00"
2,206,41,247,"19/05/2020 12:00"
2,206,41,247,"19/05/2020 13:00"
2,206,41,247,"19/05/2020 14:00"
2,206,41,247,"19/05/2020 15:00"
2,206,41,247,"19/05/2020 16:00"
2,206,41,247,"19/05/2020 17:00"
2,206,43,249,"19/05/2020 18:00"
2,206,43,249,"19/05/2020 19:00"
2,206,43,249,"19/05/2020 20:00"
2,206,45,251,"19/05/2020 21:00"
2,206,43,249,"19/05/2020 22:00"
2,206,43,249,"19/05/2020 23:00"
2,206,43,249,"20/05/2020 00:00"
2,206,44,250,"20/05/2020 01:00"
2,206,43,249,"20/05/2020 02:00"
2,206,43,249,"20/05/2020 03:00"
2,206,43,249,"20/05/2020 04:00"
2,206,44,250,"20/05/2020 05:00"
2,206,44,250,"20/05/2020 06:00"
2,206,42,248,"20/05/2020 07:00"
2,206,43,249,"20/05/2020 08:00"
2,206,43,249,"20/05/2020 09:00"
2,206,42,248,"20/05/2020 10:00"
2,206,44,250,"20/05/2020 11:00"
2,206,44,250,"20/05/2020 12:00"
2,206,42,248,"20/05/2020 13:00"
2,206,43,249,"20/05/2020 14:00"
2,206,42,248,"20/05/2020 15:00"
2,206,43,249,"20/05/2020 16:00"
2,206,43,249,"20/05/2020 17:00"
2,206,43,249,"20/05/2020 18:00"
2,206,43,249,"20/05/2020 19:00"
2,206,43,249,"20/05/2020 20:00"
2,206,43,249,"20/05/2020 21:00"
2,206,43,249,"20/05/2020 22:00"
2,206,44,250,"20/05/2020 23:00"
2,206,44,250,"21/05/2020 00:00"
2,206,43,249,"21/05/2020 01:00"
2,206,42,248,"21/05/2020 02:00"
2,206,42,248,"21/05/2020 03:00"
2,206,43,249,"21/05/2020 04:00"
2,206,43,249,"21/05/2020 05:00"
2,206,43,249,"21/05/2020 06:00"
2,206,42,248,"21/05/2020 07:00"
2,206,43,249,"21/05/2020 08:00"
2,206,42,248,"21/05/2020 09:00"
2,206,42,248,"21/05/2020 10:00"
2,206,43,249,"21/05/2020 11:00"
2,206,43,249,"21/05/2020 12:00"
2,206,43,249,"21/05/2020 13:00"
2,206,42,248,"21/05/2020 14:00"
2,206,43,249,"21/05/2020 15:00"
2,206,43,249,"21/05/2020 16:00"
2,206,43,249,"21/05/2020 17:00"
2,206,43,249,"21/05/2020 18:00"
2,206,43,249,"21/05/2020 19:00"
2,206,43,249,"21/05/2020 20:00"
2,206,42,248,"21/05/2020 21:00"
2,206,43,249,"21/05/2020 22:00"
2,206,43,249,"21/05/2020 23:00"
2,206,43,249,"22/05/2020 00:00"
2,206,44,250,"22/05/2020 01:00"
2,206,43,249,"22/05/2020 02:00"
2,206,43,249,"22/05/2020 03:00"
2,206,43,249,"22/05/2020 04:00"
2,206,43,249,"22/05/2020 05:00"
2,206,42,248,"22/05/2020 06:00"
2,206,42,248,"22/05/2020 07:00"
2,206,43,249,"22/05/2020 08:00"
2,206,42,248,"22/05/2020 09:00"
2,206,43,249,"22/05/2020 10:00"
2,206,42,248,"22/05/2020 11:00"
2,206,43,249,"22/05/2020 12:00"
2,206,42,248,"22/05/2020 13:00"
2,206,42,248,"22/05/2020 14:00"
2,206,43,249,"22/05/2020 15:00"
2,206,42,248,"22/05/2020 16:00"
2,206,41,247,"22/05/2020 17:00"
2,206,41,247,"22/05/2020 18:00"
2,206,42,248,"22/05/2020 19:00"
2,206,42,248,"22/05/2020 20:00"
2,206,42,248,"22/05/2020 21:00"
2,206,41,247,"22/05/2020 22:00"
2,206,41,247,"22/05/2020 23:00"
2,206,41,247,"23/05/2020 00:00"
2,206,43,249,"23/05/2020 01:00"
2,206,41,247,"23/05/2020 02:00"
2,206,41,247,"23/05/2020 03:00"
2,206,41,247,"23/05/2020 04:00"
2,206,41,247,"23/05/2020 05:00"
2,206,41,247,"23/05/2020 06:00"
2,206,41,247,"23/05/2020 07:00"
2,206,42,248,"23/05/2020 08:00"
2,206,41,247,"23/05/2020 09:00"
2,206,41,247,"23/05/2020 10:00"
2,206,41,247,"23/05/2020 11:00"
2,206,41,247,"23/05/2020 12:00"
2,206,41,247,"23/05/2020 13:00"
2,206,41,247,"23/05/2020 14:00"
2,206,41,247,"23/05/2020 15:00"
2,206,42,248,"23/05/2020 16:00"
2,206,42,248,"23/05/2020 17:00"
2,206,41,247,"23/05/2020 18:00"
2,206,42,248,"23/05/2020 19:00"
2,206,42,248,"23/05/2020 20:00"
2,206,42,248,"23/05/2020 21:00"
2,206,41,247,"23/05/2020 22:00"
2,206,41,247,"23/05/2020 23:00"
2,206,42,248,"24/05/2020 00:00"
2,206,43,249,"24/05/2020 01:00"
2,206,42,248,"24/05/2020 02:00"
2,206,41,247,"24/05/2020 03:00"
2,206,42,248,"24/05/2020 04:00"
2,206,42,248,"24/05/2020 05:00"
2,206,44,250,"24/05/2020 06:00"
2,206,41,247,"24/05/2020 07:00"
2,206,41,247,"24/05/2020 08:00"
2,206,42,248,"24/05/2020 09:00"
2,206,41,247,"24/05/2020 10:00"
2,206,41,247,"24/05/2020 11:00"
2,206,42,248,"24/05/2020 12:00"
2,206,42,248,"24/05/2020 13:00"
2,206,42,248,"24/05/2020 14:00"
2,206,42,248,"24/05/2020 15:00"
2,206,41,247,"24/05/2020 16:00"
2,206,41,247,"24/05/2020 17:00"
2,206,42,248,"24/05/2020 18:00"
2,206,42,248,"24/05/2020 19:00"
2,206,42,248,"24/05/2020 20:00"
2,206,42,248,"24/05/2020 21:00"
2,206,42,248,"24/05/2020 22:00"
2,206,43,249,"24/05/2020 23:00"
2,206,42,248,"25/05/2020 00:00"
2,206,34,240,"25/05/2020 01:00"
2,206,38,244,"25/05/2020 02:00"
2,206,38,244,"25/05/2020 03:00"
2,206,38,244,"25/05/2020 04:00"
2,206,39,245,"25/05/2020 05:00"
2,206,38,244,"25/05/2020 06:00"
2,206,38,244,"25/05/2020 07:00"
2,206,38,244,"25/05/2020 08:00"
2,206,38,244,"25/05/2020 09:00"
2,206,39,245,"25/05/2020 10:00"
2,206,38,244,"25/05/2020 11:00"
2,206,39,245,"25/05/2020 12:00"
2,206,38,244,"25/05/2020 13:00"
2,206,39,245,"25/05/2020 14:00"
2,206,39,245,"25/05/2020 15:00"
2,206,39,245,"25/05/2020 16:00"
2,206,39,245,"25/05/2020 17:00"
2,206,39,245,"25/05/2020 18:00"
2,206,39,245,"25/05/2020 19:00"
2,206,39,245,"25/05/2020 20:00"
2,206,39,245,"25/05/2020 21:00"
2,206,39,245,"25/05/2020 22:00"
2,206,41,247,"25/05/2020 23:00"
2,206,41,247,"26/05/2020 00:00"
2,206,39,245,"26/05/2020 01:00"
2,206,39,245,"26/05/2020 02:00"
2,206,39,245,"26/05/2020 03:00"
2,206,40,246,"26/05/2020 04:00"
2,206,40,246,"26/05/2020 05:00"
2,206,39,245,"26/05/2020 06:00"
2,206,39,245,"26/05/2020 07:00"
2,206,40,246,"26/05/2020 08:00"
2,206,39,245,"26/05/2020 09:00"
2,206,40,246,"26/05/2020 10:00"
2,206,40,246,"26/05/2020 11:00"
2,206,40,246,"26/05/2020 12:00"
2,206,40,246,"26/05/2020 13:00"
2,206,40,246,"26/05/2020 14:00"
2,206,40,246,"26/05/2020 15:00"
2,206,40,246,"26/05/2020 16:00"
2,206,39,245,"26/05/2020 17:00"
2,206,39,245,"26/05/2020 18:00"
2,206,40,246,"26/05/2020 19:00"
2,206,39,245,"26/05/2020 20:00"
2,206,39,245,"26/05/2020 21:00"
2,206,40,246,"26/05/2020 22:00"
2,206,40,246,"26/05/2020 23:00"
2,206,40,246,"27/05/2020 00:00"
2,206,41,247,"27/05/2020 01:00"
2,206,40,246,"27/05/2020 02:00"
2,206,40,246,"27/05/2020 03:00"
2,206,40,246,"27/05/2020 04:00"
2,206,40,246,"27/05/2020 05:00"
2,206,42,248,"27/05/2020 06:00"
2,206,40,246,"27/05/2020 07:00"
2,206,40,246,"27/05/2020 08:00"
2,206,40,246,"27/05/2020 09:00"
2,206,40,246,"27/05/2020 10:00"
2,206,41,247,"27/05/2020 11:00"
2,206,40,246,"27/05/2020 12:00"
2,206,40,246,"27/05/2020 13:00"
2,206,40,246,"27/05/2020 14:00"
2,206,40,246,"27/05/2020 15:00"
2,206,40,246,"27/05/2020 16:00"
2,206,40,246,"27/05/2020 17:00"
2,206,40,246,"27/05/2020 18:00"
2,206,40,246,"27/05/2020 19:00"
2,206,40,246,"27/05/2020 20:00"
2,206,40,246,"27/05/2020 21:00"
2,206,40,246,"27/05/2020 22:00"
2,206,41,247,"27/05/2020 23:00"
2,206,42,248,"28/05/2020 00:00"
2,206,43,249,"28/05/2020 01:00"
2,206,42,248,"28/05/2020 02:00"
2,206,41,247,"28/05/2020 03:00"
2,206,41,247,"28/05/2020 04:00"
2,206,41,247,"28/05/2020 05:00"
2,206,43,249,"28/05/2020 06:00"
2,206,41,247,"28/05/2020 07:00"
2,206,41,247,"28/05/2020 08:00"
2,206,41,247,"28/05/2020 09:00"
2,206,41,247,"28/05/2020 10:00"
2,206,41,247,"28/05/2020 11:00"
2,206,41,247,"28/05/2020 12:00"
2,206,41,247,"28/05/2020 13:00"
2,206,41,247,"28/05/2020 14:00"
2,206,41,247,"28/05/2020 15:00"
2,206,41,247,"28/05/2020 16:00"
2,206,41,247,"28/05/2020 17:00"
2,206,41,247,"28/05/2020 18:00"
2,206,41,247,"28/05/2020 19:00"
2,206,41,247,"28/05/2020 20:00"
2,206,42,248,"28/05/2020 21:00"
2,206,41,247,"28/05/2020 22:00"
2,206,41,247,"28/05/2020 23:00"
2,206,41,247,"29/05/2020 00:00"
2,206,42,248,"29/05/2020 01:00"
2,206,42,248,"29/05/2020 02:00"
2,206,41,247,"29/05/2020 03:00"
2,206,41,247,"29/05/2020 04:00"
2,206,41,247,"29/05/2020 05:00"
2,206,43,249,"29/05/2020 06:00"
2,206,42,248,"29/05/2020 07:00"
2,206,41,247,"29/05/2020 08:00"
2,206,42,248,"29/05/2020 09:00"
2,206,41,247,"29/05/2020 10:00"
2,206,41,247,"29/05/2020 11:00"
2,206,41,247,"29/05/2020 12:00"
2,206,42,248,"29/05/2020 13:00"
2,206,41,247,"29/05/2020 14:00"
2,206,42,248,"29/05/2020 15:00"
2,206,42,248,"29/05/2020 16:00"
2,206,42,248,"29/05/2020 17:00"
2,206,42,248,"29/05/2020 18:00"
2,206,42,248,"29/05/2020 19:00"
2,206,42,248,"29/05/2020 20:00"
2,206,42,248,"29/05/2020 21:00"
2,206,42,248,"29/05/2020 22:00"
2,206,42,248,"29/05/2020 23:00"
2,206,42,248,"30/05/2020 00:00"
2,206,43,249,"30/05/2020 01:00"
2,206,43,249,"30/05/2020 02:00"
2,206,42,248,"30/05/2020 03:00"
2,206,42,248,"30/05/2020 04:00"
2,206,43,249,"30/05/2020 05:00"
2,206,42,248,"30/05/2020 06:00"
2,206,43,249,"30/05/2020 07:00"
2,206,43,249,"30/05/2020 08:00"
2,206,42,248,"30/05/2020 09:00"
2,206,42,248,"30/05/2020 10:00"
2,206,42,248,"30/05/2020 11:00"
2,206,43,249,"30/05/2020 12:00"
2,206,42,248,"30/05/2020 13:00"
2,206,42,248,"30/05/2020 14:00"
2,206,43,249,"30/05/2020 15:00"
2,206,42,248,"30/05/2020 16:00"
2,206,43,249,"30/05/2020 17:00"
2,206,42,248,"30/05/2020 18:00"
2,206,42,248,"30/05/2020 19:00"
2,206,42,248,"30/05/2020 20:00"
2,206,43,249,"30/05/2020 21:00"
2,206,42,248,"30/05/2020 22:00"
2,206,42,248,"30/05/2020 23:00"
2,206,42,248,"31/05/2020 00:00"
2,206,44,250,"31/05/2020 01:00"
2,206,44,250,"31/05/2020 02:00"
2,206,42,248,"31/05/2020 03:00"
2,206,42,248,"31/05/2020 04:00"
2,206,42,248,"31/05/2020 05:00"
2,206,44,250,"31/05/2020 06:00"
2,206,43,249,"31/05/2020 07:00"
2,206,42,248,"31/05/2020 08:00"
2,206,42,248,"31/05/2020 09:00"
2,206,42,248,"31/05/2020 10:00"
2,206,42,248,"31/05/2020 11:00"
2,206,42,248,"31/05/2020 12:00"
2,206,42,248,"31/05/2020 13:00"
2,206,42,248,"31/05/2020 14:00"
2,206,42,248,"31/05/2020 15:00"
2,206,43,249,"31/05/2020 16:00"
2,206,42,248,"31/05/2020 17:00"
2,206,42,248,"31/05/2020 18:00"
2,206,42,248,"31/05/2020 19:00"
2,206,42,248,"31/05/2020 20:00"
2,206,42,248,"31/05/2020 21:00"
2,206,42,248,"31/05/2020 22:00"
2,206,42,248,"31/05/2020 23:00"
2,206,42,248,"01/06/2020 00:00"
2,206,43,249,"01/06/2020 01:00"
2,206,43,249,"01/06/2020 02:00"
2,206,43,249,"01/06/2020 03:00"
2,206,43,249,"01/06/2020 04:00"
2,206,42,248,"01/06/2020 05:00"
2,206,45,251,"01/06/2020 06:00"
2,206,42,248,"01/06/2020 07:00"
2,206,43,249,"01/06/2020 08:00"
2,206,42,248,"01/06/2020 09:00"
2,206,43,249,"01/06/2020 10:00"
2,206,43,249,"01/06/2020 11:00"
2,206,43,249,"01/06/2020 12:00"
2,206,43,249,"01/06/2020 13:00"
2,206,43,249,"01/06/2020 14:00"
2,206,43,249,"01/06/2020 15:00"
2,206,45,251,"01/06/2020 16:00"
2,206,44,250,"01/06/2020 17:00"
2,206,44,250,"01/06/2020 18:00"
2,206,44,250,"01/06/2020 19:00"
2,206,44,250,"01/06/2020 20:00"
2,206,44,250,"01/06/2020 21:00"
2,206,44,250,"01/06/2020 22:00"
2,206,44,250,"01/06/2020 23:00"
2,206,44,250,"02/06/2020 00:00"
2,206,44,250,"02/06/2020 01:00"
2,206,44,250,"02/06/2020 02:00"
2,206,44,250,"02/06/2020 03:00"
2,206,44,250,"02/06/2020 04:00"
2,206,44,250,"02/06/2020 05:00"
2,206,44,250,"02/06/2020 06:00"
2,206,42,248,"02/06/2020 07:00"
2,206,42,248,"02/06/2020 08:00"
2,206,42,248,"02/06/2020 09:00"
2,206,43,249,"02/06/2020 10:00"
2,206,42,248,"02/06/2020 11:00"
2,206,42,248,"02/06/2020 12:00"
2,206,44,250,"02/06/2020 13:00"
2,206,44,250,"02/06/2020 14:00"
2,206,43,249,"02/06/2020 15:00"
2,206,43,249,"02/06/2020 16:00"
2,206,43,249,"02/06/2020 17:00"
2,206,43,249,"02/06/2020 18:00"
2,206,43,249,"02/06/2020 19:00"
2,206,42,248,"02/06/2020 20:00"
2,206,44,250,"02/06/2020 21:00"
2,206,44,250,"02/06/2020 22:00"
2,206,43,249,"02/06/2020 23:00"
2,206,43,249,"03/06/2020 00:00"
2,206,44,250,"03/06/2020 01:00"
2,206,44,250,"03/06/2020 02:00"
2,206,44,250,"03/06/2020 03:00"
2,206,43,249,"03/06/2020 04:00"
2,206,43,249,"03/06/2020 05:00"
2,206,44,250,"03/06/2020 06:00"
2,206,43,249,"03/06/2020 07:00"
2,206,43,249,"03/06/2020 08:00"
2,206,43,249,"03/06/2020 09:00"
2,206,42,248,"03/06/2020 10:00"
2,206,43,249,"03/06/2020 11:00"
2,206,40,246,"03/06/2020 12:00"
2,206,39,245,"03/06/2020 13:00"
2,206,39,245,"03/06/2020 14:00"
2,206,38,244,"03/06/2020 15:00"
2,206,39,245,"03/06/2020 16:00"
2,206,39,245,"03/06/2020 17:00"
2,206,39,245,"03/06/2020 18:00"
2,206,39,245,"03/06/2020 19:00"
2,206,39,245,"03/06/2020 20:00"
2,206,39,245,"03/06/2020 21:00"
2,206,40,246,"03/06/2020 22:00"
2,206,40,246,"03/06/2020 23:00"
2,206,40,246,"04/06/2020 00:00"
2,206,41,247,"04/06/2020 01:00"
2,206,40,246,"04/06/2020 02:00"
2,206,40,246,"04/06/2020 03:00"
2,206,40,246,"04/06/2020 04:00"
2,206,40,246,"04/06/2020 05:00"
2,206,40,246,"04/06/2020 06:00"
2,206,40,246,"04/06/2020 07:00"
2,206,40,246,"04/06/2020 08:00"
2,206,40,246,"04/06/2020 09:00"
2,206,41,247,"04/06/2020 10:00"
2,206,38,244,"04/06/2020 11:00"
2,206,38,244,"04/06/2020 12:00"
2,206,38,244,"04/06/2020 13:00"
2,206,39,245,"04/06/2020 14:00"
2,206,39,245,"04/06/2020 15:00"
2,206,39,245,"04/06/2020 16:00"
2,206,39,245,"04/06/2020 17:00"
2,206,40,246,"04/06/2020 18:00"
2,206,39,245,"04/06/2020 19:00"
2,206,40,246,"04/06/2020 20:00"
2,206,40,246,"04/06/2020 21:00"
2,206,39,245,"04/06/2020 22:00"
2,206,40,246,"04/06/2020 23:00"
2,206,40,246,"05/06/2020 00:00"
2,206,41,247,"05/06/2020 01:00"
2,206,40,246,"05/06/2020 02:00"
2,206,40,246,"05/06/2020 03:00"
2,206,40,246,"05/06/2020 04:00"
2,206,40,246,"05/06/2020 05:00"
2,206,42,248,"05/06/2020 06:00"
2,206,40,246,"05/06/2020 07:00"
2,206,40,246,"05/06/2020 08:00"
2,206,41,247,"05/06/2020 09:00"
2,206,40,246,"05/06/2020 10:00"
2,206,41,247,"05/06/2020 11:00"
2,206,40,246,"05/06/2020 12:00"
2,206,40,246,"05/06/2020 13:00"
2,206,40,246,"05/06/2020 14:00"
2,206,41,247,"05/06/2020 15:00"
2,206,40,246,"05/06/2020 16:00"
2,206,40,246,"05/06/2020 17:00"
2,206,41,247,"05/06/2020 18:00"
2,206,42,248,"05/06/2020 19:00"
2,206,43,249,"05/06/2020 20:00"
2,206,41,247,"05/06/2020 21:00"
2,206,41,247,"05/06/2020 22:00"
2,206,43,249,"05/06/2020 23:00"
2,206,41,247,"06/06/2020 00:00"
2,206,41,247,"06/06/2020 01:00"
2,206,41,247,"06/06/2020 02:00"
2,206,41,247,"06/06/2020 03:00"
2,206,41,247,"06/06/2020 04:00"
2,206,41,247,"06/06/2020 05:00"
2,206,43,249,"06/06/2020 06:00"
2,206,41,247,"06/06/2020 07:00"
2,206,41,247,"06/06/2020 08:00"
2,206,41,247,"06/06/2020 09:00"
2,206,41,247,"06/06/2020 10:00"
2,206,41,247,"06/06/2020 11:00"
2,206,42,248,"06/06/2020 12:00"
2,206,41,247,"06/06/2020 13:00"
2,206,41,247,"06/06/2020 14:00"
1,206,44,250,"22/06/2020 00:00"
1,206,45,251,"22/06/2020 01:00"
1,206,45,251,"22/06/2020 02:00"
1,206,45,251,"22/06/2020 03:00"
1,206,44,250,"22/06/2020 04:00"
1,206,45,251,"22/06/2020 05:00"
1,206,45,251,"22/06/2020 06:00"
1,206,45,251,"22/06/2020 07:00"
1,206,44,250,"22/06/2020 08:00"
1,206,44,250,"22/06/2020 09:00"
1,206,44,250,"22/06/2020 10:00"
1,206,41,247,"22/06/2020 11:00"
1,206,41,247,"22/06/2020 12:00"
1,206,42,248,"22/06/2020 13:00"
1,206,42,248,"22/06/2020 14:00"
1,206,42,248,"22/06/2020 15:00"
1,206,42,248,"22/06/2020 16:00"
1,206,43,249,"22/06/2020 17:00"
1,206,43,249,"22/06/2020 18:00"
1,206,44,250,"22/06/2020 19:00"
1,206,43,249,"22/06/2020 20:00"
1,206,44,250,"22/06/2020 21:00"
1,206,43,249,"22/06/2020 22:00"
1,206,45,251,"22/06/2020 23:00"
1,206,45,251,"23/06/2020 00:00"
1,206,44,250,"23/06/2020 01:00"
1,206,44,250,"23/06/2020 02:00"
1,206,44,250,"23/06/2020 03:01"
1,206,44,250,"23/06/2020 04:00"
1,206,44,250,"23/06/2020 05:00"
1,206,45,251,"23/06/2020 06:00"
1,206,44,250,"23/06/2020 07:00"
1,206,44,250,"23/06/2020 08:00"
1,206,44,250,"23/06/2020 09:00"
1,206,44,250,"23/06/2020 10:00"
1,206,44,250,"23/06/2020 11:00"
1,206,44,250,"23/06/2020 12:00"
1,206,44,250,"23/06/2020 13:00"
1,206,45,251,"23/06/2020 14:00"
1,206,44,250,"23/06/2020 15:00"
1,206,45,251,"23/06/2020 16:00"
1,206,45,251,"23/06/2020 17:00"
1,206,45,251,"23/06/2020 18:00"
1,206,44,250,"23/06/2020 19:00"
1,206,45,251,"23/06/2020 20:00"
1,206,45,251,"23/06/2020 21:00"
1,206,44,250,"23/06/2020 22:00"
1,206,45,251,"23/06/2020 23:00"
1,206,45,251,"24/06/2020 00:00"
1,206,45,251,"24/06/2020 01:00"
1,206,44,250,"24/06/2020 02:00"
1,206,44,250,"24/06/2020 03:00"
1,206,44,250,"24/06/2020 04:00"
1,206,44,250,"24/06/2020 05:00"
1,206,45,251,"24/06/2020 06:00"
1,206,44,250,"24/06/2020 07:00"
1,206,45,251,"24/06/2020 08:00"
1,206,44,250,"24/06/2020 09:00"
1,206,45,251,"24/06/2020 10:00"
1,206,45,251,"24/06/2020 11:00"
1,206,45,251,"24/06/2020 12:00"
1,206,45,251,"24/06/2020 13:00"
1,206,45,251,"24/06/2020 14:00"
1,206,45,251,"24/06/2020 15:00"
1,206,45,251,"24/06/2020 16:00"
1,206,45,251,"24/06/2020 17:00"
1,206,45,251,"24/06/2020 18:00"
1,206,44,250,"24/06/2020 19:00"
1,206,44,250,"24/06/2020 20:00"
1,206,45,251,"24/06/2020 21:00"
1,206,45,251,"24/06/2020 22:00"
1,206,44,250,"24/06/2020 23:00"
1,206,45,251,"25/06/2020 00:00"
1,206,45,251,"25/06/2020 01:00"
1,206,44,250,"25/06/2020 02:00"
1,206,44,250,"25/06/2020 03:00"
1,206,44,250,"25/06/2020 04:00"
1,206,44,250,"25/06/2020 05:00"
1,206,45,251,"25/06/2020 06:00"
1,206,44,250,"25/06/2020 07:00"
1,206,45,251,"25/06/2020 08:00"
1,206,44,250,"25/06/2020 09:00"
1,206,44,250,"25/06/2020 10:00"
1,206,44,250,"25/06/2020 11:00"
1,206,44,250,"25/06/2020 12:00"
1,206,44,250,"25/06/2020 13:00"
1,206,44,250,"25/06/2020 14:00"
1,206,44,250,"25/06/2020 15:00"
1,206,44,250,"25/06/2020 16:00"
1,206,45,251,"25/06/2020 17:00"
1,206,45,251,"25/06/2020 18:00"
1,206,44,250,"25/06/2020 19:00"
1,206,44,250,"25/06/2020 20:00"
1,206,44,250,"25/06/2020 21:00"
1,206,44,250,"25/06/2020 22:00"
1,206,44,250,"25/06/2020 23:00"
1,206,44,250,"26/06/2020 00:00"
1,206,45,251,"26/06/2020 01:00"
1,206,44,250,"26/06/2020 02:00"
1,206,44,250,"26/06/2020 03:00"
1,206,44,250,"26/06/2020 04:00"
1,206,44,250,"26/06/2020 05:00"
1,206,45,251,"26/06/2020 06:00"
1,206,45,251,"26/06/2020 07:00"
1,206,45,251,"26/06/2020 08:00"
1,206,45,251,"26/06/2020 09:00"
1,206,45,251,"26/06/2020 10:00"
1,206,45,251,"26/06/2020 11:00"
1,206,45,251,"26/06/2020 12:00"
1,206,45,251,"26/06/2020 13:00"
1,206,45,251,"26/06/2020 14:00"
1,206,45,251,"26/06/2020 15:00"
1,206,45,251,"26/06/2020 16:00"
1,206,44,250,"26/06/2020 17:00"
1,206,45,251,"26/06/2020 18:00"
1,206,45,251,"26/06/2020 19:00"
1,206,45,251,"26/06/2020 20:00"
1,206,44,250,"26/06/2020 21:00"
1,206,45,251,"26/06/2020 22:00"
1,206,45,251,"26/06/2020 23:00"
1,206,45,251,"27/06/2020 00:00"
1,206,45,251,"27/06/2020 01:00"
1,206,44,250,"27/06/2020 02:00"
1,206,44,250,"27/06/2020 03:00"
1,206,44,250,"27/06/2020 04:00"
1,206,44,250,"27/06/2020 05:00"
1,206,45,251,"27/06/2020 06:00"
1,206,44,250,"27/06/2020 07:00"
1,206,44,250,"27/06/2020 08:00"
1,206,44,250,"27/06/2020 09:00"
1,206,44,250,"27/06/2020 10:00"
1,206,44,250,"27/06/2020 11:00"
1,206,44,250,"27/06/2020 12:00"
1,206,44,250,"27/06/2020 13:00"
1,206,44,250,"27/06/2020 14:00"
1,206,44,250,"27/06/2020 15:00"
1,206,44,250,"27/06/2020 16:00"
1,206,44,250,"27/06/2020 17:00"
1,206,44,250,"27/06/2020 18:00"
1,206,44,250,"27/06/2020 19:00"
1,206,44,250,"27/06/2020 20:00"
1,206,44,250,"27/06/2020 21:00"
1,206,44,250,"27/06/2020 22:00"
1,206,44,250,"27/06/2020 23:00"
1,206,44,250,"28/06/2020 00:00"
1,206,45,251,"28/06/2020 01:00"
1,206,45,251,"28/06/2020 02:01"
1,206,44,250,"28/06/2020 03:00"
1,206,44,250,"28/06/2020 04:00"
1,206,44,250,"28/06/2020 05:00"
1,206,45,251,"28/06/2020 06:00"
1,206,44,250,"28/06/2020 07:00"
1,206,44,250,"28/06/2020 08:00"
1,206,44,250,"28/06/2020 09:00"
1,206,45,251,"28/06/2020 10:00"
1,206,45,251,"28/06/2020 11:00"
1,206,45,251,"28/06/2020 12:00"
1,206,44,250,"28/06/2020 13:00"
1,206,45,251,"28/06/2020 14:00"
1,206,45,251,"28/06/2020 15:00"
1,206,45,251,"28/06/2020 16:00"
1,206,45,251,"28/06/2020 17:00"
1,206,45,251,"28/06/2020 18:00"
1,206,45,251,"28/06/2020 19:00"
1,206,45,251,"28/06/2020 20:00"
1,206,45,251,"28/06/2020 21:00"
1,206,45,251,"28/06/2020 22:00"
1,206,45,251,"28/06/2020 23:00"
1,206,45,251,"29/06/2020 00:00"
1,206,45,251,"29/06/2020 01:00"
1,206,45,251,"29/06/2020 02:00"
1,206,45,251,"29/06/2020 03:00"
1,206,44,250,"29/06/2020 04:00"
1,206,45,251,"29/06/2020 05:00"
1,206,45,251,"29/06/2020 06:00"
1,206,44,250,"29/06/2020 07:00"
1,206,44,250,"29/06/2020 08:00"
1,206,45,251,"29/06/2020 09:00"
1,206,45,251,"29/06/2020 10:00"
1,206,45,251,"29/06/2020 11:00"
1,206,45,251,"29/06/2020 12:00"
1,206,45,251,"29/06/2020 13:00"
1,206,44,250,"29/06/2020 14:00"
1,206,45,251,"29/06/2020 15:00"
1,206,44,250,"29/06/2020 16:00"
1,206,44,250,"29/06/2020 17:00"
1,206,44,250,"29/06/2020 18:00"
1,206,44,250,"29/06/2020 19:00"
1,206,43,249,"29/06/2020 20:00"
1,206,43,249,"29/06/2020 21:00"
1,206,44,250,"29/06/2020 22:00"
1,206,43,249,"29/06/2020 23:00"
1,206,44,250,"30/06/2020 00:00"
1,206,45,251,"30/06/2020 01:00"
1,206,45,251,"30/06/2020 02:00"
1,206,44,250,"30/06/2020 03:00"
1,206,45,251,"30/06/2020 04:00"
1,206,45,251,"30/06/2020 05:00"
1,206,45,251,"30/06/2020 06:00"
1,206,44,250,"30/06/2020 07:00"
1,206,44,250,"30/06/2020 08:00"
1,206,44,250,"30/06/2020 09:00"
1,206,45,251,"30/06/2020 10:00"
1,206,44,250,"30/06/2020 11:00"
1,206,44,250,"30/06/2020 12:00"
1,206,44,250,"30/06/2020 13:00"
1,206,44,250,"30/06/2020 14:00"
1,206,44,250,"30/06/2020 15:00"
1,206,44,250,"30/06/2020 16:00"
1,206,44,250,"30/06/2020 17:00"
1,206,45,251,"30/06/2020 18:00"
1,206,44,250,"30/06/2020 19:00"
1,206,45,251,"30/06/2020 20:00"
1,206,45,251,"30/06/2020 21:00"
1,206,45,251,"30/06/2020 22:00"
1,206,44,250,"30/06/2020 23:00"
1,206,44,250,"01/07/2020 00:00"
1,206,45,251,"01/07/2020 01:00"
1,206,45,251,"01/07/2020 02:00"
1,206,44,250,"01/07/2020 03:00"
1,206,44,250,"01/07/2020 04:00"
1,206,44,250,"01/07/2020 05:00"
1,206,44,250,"01/07/2020 06:00"
1,206,44,250,"01/07/2020 07:00"
1,206,44,250,"01/07/2020 08:00"
1,206,44,250,"01/07/2020 09:00"
1,206,44,250,"01/07/2020 10:00"
1,206,44,250,"01/07/2020 11:00"
1,206,45,251,"01/07/2020 12:00"
1,206,45,251,"01/07/2020 13:00"
1,206,45,251,"01/07/2020 14:00"
1,206,45,251,"01/07/2020 15:00"
1,206,45,251,"01/07/2020 16:00"
1,206,45,251,"01/07/2020 17:00"
1,206,45,251,"01/07/2020 18:00"
1,206,45,251,"01/07/2020 19:00"
1,206,44,250,"01/07/2020 20:00"
1,206,44,250,"01/07/2020 21:00"
1,206,45,251,"01/07/2020 22:00"
1,206,44,250,"01/07/2020 23:00"
1,206,44,250,"02/07/2020 00:00"
1,206,45,251,"02/07/2020 01:00"
1,206,44,250,"02/07/2020 02:00"
1,206,44,250,"02/07/2020 03:00"
1,206,44,250,"02/07/2020 04:00"
1,206,44,250,"02/07/2020 05:00"
1,206,45,251,"02/07/2020 06:00"
1,206,45,251,"02/07/2020 07:00"
1,206,45,251,"02/07/2020 08:00"
1,206,44,250,"02/07/2020 09:00"
1,206,45,251,"02/07/2020 10:00"
1,206,45,251,"02/07/2020 11:00"
1,206,45,251,"02/07/2020 12:00"
1,206,45,251,"02/07/2020 13:00"
1,206,45,251,"02/07/2020 14:00"
1,206,44,250,"02/07/2020 15:00"
1,206,45,251,"02/07/2020 16:00"
1,206,45,251,"02/07/2020 17:00"
1,206,45,251,"02/07/2020 18:00"
1,206,45,251,"02/07/2020 19:00"
1,206,45,251,"02/07/2020 20:00"
1,206,45,251,"02/07/2020 21:00"
1,206,44,250,"02/07/2020 22:00"
1,206,44,250,"02/07/2020 23:00"
1,206,44,250,"03/07/2020 00:00"
1,206,45,251,"03/07/2020 01:00"
1,206,45,251,"03/07/2020 02:00"
1,206,45,251,"03/07/2020 03:00"
1,206,45,251,"03/07/2020 04:00"
1,206,45,251,"03/07/2020 05:00"
1,206,45,251,"03/07/2020 06:00"
1,206,45,251,"03/07/2020 07:00"
1,206,44,250,"03/07/2020 08:00"
1,206,44,250,"03/07/2020 09:00"
1,206,45,251,"03/07/2020 10:00"
1,206,44,250,"03/07/2020 11:00"
1,206,45,251,"03/07/2020 12:00"
1,206,45,251,"03/07/2020 13:00"
1,206,44,250,"03/07/2020 14:00"
1,206,45,251,"03/07/2020 15:00"
1,206,45,251,"03/07/2020 16:00"
1,206,44,250,"03/07/2020 17:00"
1,206,43,249,"03/07/2020 18:00"
1,206,44,250,"03/07/2020 19:00"
1,206,44,250,"03/07/2020 20:00"
1,206,44,250,"03/07/2020 21:00"
1,206,44,250,"03/07/2020 22:00"
1,206,44,250,"03/07/2020 23:00"
1,206,44,250,"04/07/2020 00:00"
1,206,45,251,"04/07/2020 01:00"
1,206,45,251,"04/07/2020 02:00"
1,206,44,250,"04/07/2020 03:00"
1,206,44,250,"04/07/2020 04:00"
1,206,45,251,"04/07/2020 05:00"
1,206,45,251,"04/07/2020 06:00"
1,206,44,250,"04/07/2020 07:00"
1,206,44,250,"04/07/2020 08:00"
1,206,44,250,"04/07/2020 09:00"
1,206,44,250,"04/07/2020 10:00"
1,206,44,250,"04/07/2020 11:00"
1,206,44,250,"04/07/2020 12:00"
1,206,44,250,"04/07/2020 13:00"
1,206,44,250,"04/07/2020 14:00"
1,206,45,251,"04/07/2020 15:00"
1,206,45,251,"04/07/2020 16:00"
1,206,45,251,"04/07/2020 17:00"
1,206,45,251,"04/07/2020 18:00"
1,206,45,251,"04/07/2020 19:00"
1,206,45,251,"04/07/2020 20:00"
1,206,45,251,"04/07/2020 21:00"
1,206,45,251,"04/07/2020 22:00"
1,206,45,251,"04/07/2020 23:00"
1,206,45,251,"05/07/2020 00:00"
1,206,45,251,"05/07/2020 01:00"
1,206,44,250,"05/07/2020 02:00"
1,206,44,250,"05/07/2020 03:00"
1,206,44,250,"05/07/2020 04:00"
1,206,45,251,"05/07/2020 05:00"
1,206,45,251,"05/07/2020 06:00"
1,206,44,250,"05/07/2020 07:00"
1,206,45,251,"05/07/2020 08:00"
1,206,45,251,"05/07/2020 09:00"
1,206,45,251,"05/07/2020 10:00"
1,206,45,251,"05/07/2020 11:00"
1,206,44,250,"05/07/2020 12:00"
1,206,45,251,"05/07/2020 13:00"
1,206,45,251,"05/07/2020 14:00"
1,206,45,251,"05/07/2020 15:00"
1,206,45,251,"05/07/2020 16:00"
1,206,45,251,"05/07/2020 17:00"
1,206,45,251,"05/07/2020 18:00"
1,206,45,251,"05/07/2020 19:00"
1,206,45,251,"05/07/2020 20:00"
1,206,45,251,"05/07/2020 21:00"
1,206,45,251,"05/07/2020 22:00"
1,206,45,251,"05/07/2020 23:00"
1,206,45,251,"06/07/2020 00:00"
1,206,45,251,"06/07/2020 01:00"
1,206,43,249,"06/07/2020 02:00"
1,206,43,249,"06/07/2020 03:00"
1,206,44,250,"06/07/2020 04:00"
1,206,44,250,"06/07/2020 05:00"
1,206,44,250,"06/07/2020 06:00"
1,206,43,249,"06/07/2020 07:00"
1,206,43,249,"06/07/2020 08:00"
1,206,44,250,"06/07/2020 09:00"
1,206,44,250,"06/07/2020 10:00"
1,206,44,250,"06/07/2020 11:00"
1,206,44,250,"06/07/2020 12:00"
1,206,44,250,"06/07/2020 13:00"
1,206,44,250,"06/07/2020 14:00"
1,206,44,250,"06/07/2020 15:00"
1,206,44,250,"06/07/2020 16:00"
1,206,44,250,"06/07/2020 17:00"
1,206,45,251,"06/07/2020 18:00"
1,206,45,251,"06/07/2020 19:00"
1,206,45,251,"06/07/2020 20:00"
1,206,45,251,"06/07/2020 21:00"
1,206,45,251,"06/07/2020 22:00"
1,206,44,250,"06/07/2020 23:00"
1,206,44,250,"07/07/2020 00:00"
1,206,45,251,"07/07/2020 01:00"
1,206,43,249,"07/07/2020 02:00"
1,206,44,250,"07/07/2020 03:00"
1,206,44,250,"07/07/2020 04:00"
1,206,44,250,"07/07/2020 05:00"
1,206,44,250,"07/07/2020 06:00"
1,206,44,250,"07/07/2020 07:00"
1,206,44,250,"07/07/2020 08:00"
1,206,44,250,"07/07/2020 09:00"
1,206,44,250,"07/07/2020 10:00"
1,206,44,250,"07/07/2020 11:00"
1,206,44,250,"07/07/2020 12:00"
1,206,44,250,"07/07/2020 13:00"
1,206,44,250,"07/07/2020 14:00"
1,206,44,250,"07/07/2020 15:00"
1,206,44,250,"07/07/2020 16:00"
1,206,44,250,"07/07/2020 17:00"
1,206,45,251,"07/07/2020 18:00"
1,206,45,251,"07/07/2020 19:00"
1,206,44,250,"07/07/2020 20:00"
1,206,43,249,"07/07/2020 21:00"
1,206,44,250,"07/07/2020 22:00"
1,206,45,251,"07/07/2020 23:00"
1,206,45,251,"08/07/2020 00:00"
1,206,44,250,"08/07/2020 01:00"
1,206,43,249,"08/07/2020 02:00"
1,206,43,249,"08/07/2020 03:00"
1,206,43,249,"08/07/2020 04:00"
1,206,43,249,"08/07/2020 05:00"
1,206,44,250,"08/07/2020 06:00"
1,206,43,249,"08/07/2020 07:00"
1,206,43,249,"08/07/2020 08:00"
1,206,43,249,"08/07/2020 09:00"
1,206,44,250,"08/07/2020 10:00"
1,206,44,250,"08/07/2020 11:00"
1,206,44,250,"08/07/2020 12:00"
1,206,44,250,"08/07/2020 13:00"
1,206,44,250,"08/07/2020 14:00"
1,206,44,250,"08/07/2020 15:00"
1,206,44,250,"08/07/2020 16:00"
1,206,44,250,"08/07/2020 17:00"
1,206,44,250,"08/07/2020 18:00"
1,206,44,250,"08/07/2020 19:00"
1,206,44,250,"08/07/2020 20:00"
1,206,44,250,"08/07/2020 21:00"
1,206,44,250,"08/07/2020 22:00"
1,206,44,250,"08/07/2020 23:00"
1,206,44,250,"09/07/2020 00:00"
1,206,45,251,"09/07/2020 01:00"
1,206,44,250,"09/07/2020 02:00"
1,206,44,250,"09/07/2020 03:00"
1,206,44,250,"09/07/2020 04:00"
1,206,45,251,"09/07/2020 05:00"
1,206,45,251,"09/07/2020 06:00"
1,206,44,250,"09/07/2020 07:00"
1,206,45,251,"09/07/2020 08:00"
1,206,45,251,"09/07/2020 09:00"
1,206,43,249,"09/07/2020 10:00"
1,206,43,249,"09/07/2020 11:00"
1,206,43,249,"09/07/2020 12:00"
1,206,44,250,"09/07/2020 13:00"
1,206,44,250,"09/07/2020 14:00"
1,206,44,250,"09/07/2020 15:00"
1,206,44,250,"09/07/2020 16:00"
1,206,44,250,"09/07/2020 17:00"
1,206,44,250,"09/07/2020 18:00"
1,206,44,250,"09/07/2020 19:00"
1,206,44,250,"09/07/2020 20:00"
1,206,44,250,"09/07/2020 21:00"
1,206,44,250,"09/07/2020 22:00"
1,206,43,249,"09/07/2020 23:00"
1,206,43,249,"10/07/2020 00:00"
1,206,44,250,"10/07/2020 01:00"
1,206,43,249,"10/07/2020 02:00"
1,206,43,249,"10/07/2020 03:00"
1,206,43,249,"10/07/2020 04:00"
1,206,43,249,"10/07/2020 05:00"
1,206,44,250,"10/07/2020 06:00"
1,206,44,250,"10/07/2020 07:00"
1,206,44,250,"10/07/2020 08:00"
1,206,44,250,"10/07/2020 09:00"
1,206,44,250,"10/07/2020 10:00"
1,206,44,250,"10/07/2020 11:00"
1,206,44,250,"10/07/2020 12:00"
1,206,44,250,"10/07/2020 13:00"
1,206,44,250,"10/07/2020 14:00"
1,206,44,250,"10/07/2020 15:00"
1,206,44,250,"10/07/2020 16:00"
1,206,44,250,"10/07/2020 17:00"
1,206,44,250,"10/07/2020 18:00"
1,206,44,250,"10/07/2020 19:00"
1,206,44,250,"10/07/2020 20:00"
1,206,44,250,"10/07/2020 21:00"
1,206,44,250,"10/07/2020 22:00"
1,206,45,251,"10/07/2020 23:00"
1,206,44,250,"11/07/2020 00:00"
1,206,45,251,"11/07/2020 01:00"
1,206,44,250,"11/07/2020 02:00"
1,206,44,250,"11/07/2020 03:00"
1,206,44,250,"11/07/2020 04:00"
1,206,44,250,"11/07/2020 05:00"
1,206,45,251,"11/07/2020 06:00"
1,206,44,250,"11/07/2020 07:00"
1,206,44,250,"11/07/2020 08:00"
1,206,44,250,"11/07/2020 09:00"
1,206,44,250,"11/07/2020 10:00"
1,206,44,250,"11/07/2020 11:00"
1,206,44,250,"11/07/2020 12:00"
1,206,45,251,"11/07/2020 13:00"
1,206,44,250,"11/07/2020 14:00"
1,206,44,250,"11/07/2020 15:00"
1,206,44,250,"11/07/2020 16:00"
1,206,44,250,"11/07/2020 17:00"
1,206,45,251,"11/07/2020 18:00"
1,206,44,250,"11/07/2020 19:00"
1,206,44,250,"11/07/2020 20:00"
1,206,45,251,"11/07/2020 21:00"
1,206,44,250,"11/07/2020 22:00"
1,206,44,250,"11/07/2020 23:00"
1,206,44,250,"12/07/2020 00:00"
1,206,45,251,"12/07/2020 01:00"
1,206,44,250,"12/07/2020 02:00"
1,206,45,251,"12/07/2020 03:00"
1,206,45,251,"12/07/2020 04:00"
1,206,45,251,"12/07/2020 05:00"
1,206,45,251,"12/07/2020 06:00"
1,206,45,251,"12/07/2020 07:00"
1,206,45,251,"12/07/2020 08:00"
1,206,45,251,"12/07/2020 09:00"
1,206,45,251,"12/07/2020 10:00"
1,206,45,251,"12/07/2020 11:00"
1,206,45,251,"12/07/2020 12:00"
1,206,45,251,"12/07/2020 13:00"
1,206,45,251,"12/07/2020 14:00"
1,206,45,251,"12/07/2020 15:00"
1,206,45,251,"12/07/2020 16:00"
1,206,45,251,"12/07/2020 17:00"
1,206,45,251,"12/07/2020 18:00"
1,206,45,251,"12/07/2020 19:00"
1,206,45,251,"12/07/2020 20:00"
1,206,45,251,"12/07/2020 21:00"
1,206,45,251,"12/07/2020 22:00"
1,206,45,251,"12/07/2020 23:00"
1,206,45,251,"13/07/2020 00:00"
1,206,45,251,"13/07/2020 01:00"
1,206,44,250,"13/07/2020 02:00"
1,206,44,250,"13/07/2020 03:00"
1,206,44,250,"13/07/2020 04:00"
1,206,44,250,"13/07/2020 05:00"
1,206,45,251,"13/07/2020 06:00"
1,206,44,250,"13/07/2020 07:00"
1,206,44,250,"13/07/2020 08:00"
1,206,44,250,"13/07/2020 09:00"
1,206,44,250,"13/07/2020 10:00"
1,206,44,250,"13/07/2020 11:00"
1,206,45,251,"13/07/2020 12:00"
1,206,45,251,"13/07/2020 13:00"
1,206,45,251,"13/07/2020 14:00"
1,206,44,250,"13/07/2020 15:00"
1,206,44,250,"13/07/2020 16:00"
1,206,44,250,"13/07/2020 17:00"
1,206,44,250,"13/07/2020 18:00"
1,206,44,250,"13/07/2020 19:00"
1,206,45,251,"13/07/2020 20:00"
1,206,45,251,"13/07/2020 21:00"
1,206,44,250,"13/07/2020 22:00"
1,206,44,250,"13/07/2020 23:00"
1,206,44,250,"14/07/2020 00:00"
1,206,45,251,"14/07/2020 01:00"
1,206,44,250,"14/07/2020 02:00"
1,206,44,250,"14/07/2020 03:00"
1,206,44,250,"14/07/2020 04:00"
1,206,44,250,"14/07/2020 05:00"
1,206,44,250,"14/07/2020 06:00"
1,206,44,250,"14/07/2020 07:00"
1,206,44,250,"14/07/2020 08:00"
1,206,44,250,"14/07/2020 09:00"
1,206,44,250,"14/07/2020 10:00"
1,206,44,250,"14/07/2020 11:00"
1,206,44,250,"14/07/2020 12:00"
1,206,43,249,"14/07/2020 13:00"
1,206,44,250,"14/07/2020 14:00"
1,206,44,250,"14/07/2020 15:00"
1,206,44,250,"14/07/2020 16:00"
1,206,44,250,"14/07/2020 17:00"
1,206,44,250,"14/07/2020 18:00"
1,206,44,250,"14/07/2020 19:00"
1,206,43,249,"14/07/2020 20:00"
1,206,44,250,"14/07/2020 21:00"
1,206,44,250,"14/07/2020 22:00"
1,206,44,250,"14/07/2020 23:00"
1,206,44,250,"15/07/2020 00:00"
1,206,45,251,"15/07/2020 01:00"
1,206,44,250,"15/07/2020 02:00"
1,206,44,250,"15/07/2020 03:00"
1,206,44,250,"15/07/2020 04:00"
1,206,44,250,"15/07/2020 05:00"
1,206,44,250,"15/07/2020 06:00"
1,206,44,250,"15/07/2020 07:00"
1,206,44,250,"15/07/2020 08:00"
1,206,44,250,"15/07/2020 09:00"
1,206,44,250,"15/07/2020 10:00"
1,206,44,250,"15/07/2020 11:00"
1,206,44,250,"15/07/2020 12:00"
1,206,44,250,"15/07/2020 13:00"
1,206,44,250,"15/07/2020 14:00"
1,206,44,250,"15/07/2020 15:00"
1,206,44,250,"15/07/2020 16:00"
1,206,44,250,"15/07/2020 17:00"
1,206,44,250,"15/07/2020 18:00"
1,206,44,250,"15/07/2020 19:00"
1,206,44,250,"15/07/2020 20:00"
1,206,44,250,"15/07/2020 21:00"
1,206,44,250,"15/07/2020 22:00"
1,206,44,250,"15/07/2020 23:00"
1,206,44,250,"16/07/2020 00:00"
1,206,45,251,"16/07/2020 01:00"
1,206,44,250,"16/07/2020 02:00"
1,206,44,250,"16/07/2020 03:00"
1,206,44,250,"16/07/2020 04:00"
1,206,44,250,"16/07/2020 05:00"
1,206,44,250,"16/07/2020 06:00"
1,206,44,250,"16/07/2020 07:00"
1,206,44,250,"16/07/2020 08:00"
1,206,44,250,"16/07/2020 09:00"
1,206,44,250,"16/07/2020 10:00"
1,206,44,250,"16/07/2020 11:00"
1,206,44,250,"16/07/2020 12:00"
1,206,44,250,"16/07/2020 13:00"
1,206,43,249,"16/07/2020 14:00"
1,206,43,249,"16/07/2020 15:00"
1,206,44,250,"16/07/2020 16:00"
1,206,44,250,"16/07/2020 17:00"
1,206,44,250,"16/07/2020 18:00"
1,206,44,250,"16/07/2020 19:00"
1,206,44,250,"16/07/2020 20:00"
1,206,44,250,"16/07/2020 21:00"
1,206,44,250,"16/07/2020 22:00"
1,206,44,250,"16/07/2020 23:00"
1,206,44,250,"17/07/2020 00:00"
1,206,45,251,"17/07/2020 01:00"
1,206,44,250,"17/07/2020 02:00"
1,206,44,250,"17/07/2020 03:00"
1,206,44,250,"17/07/2020 04:00"
1,206,44,250,"17/07/2020 05:00"
1,206,44,250,"17/07/2020 06:00"
1,206,44,250,"17/07/2020 07:00"
1,206,44,250,"17/07/2020 08:00"
1,206,43,249,"17/07/2020 09:00"
1,206,43,249,"17/07/2020 10:00"
1,206,43,249,"17/07/2020 11:00"
1,206,42,248,"17/07/2020 12:00"
1,206,42,248,"17/07/2020 13:00"
1,206,42,248,"17/07/2020 14:00"
1,206,43,249,"17/07/2020 15:00"
1,206,43,249,"17/07/2020 16:00"
1,206,43,249,"17/07/2020 17:00"
1,206,42,248,"17/07/2020 18:00"
1,206,43,249,"17/07/2020 19:00"
1,206,43,249,"17/07/2020 20:00"
1,206,43,249,"17/07/2020 21:00"
1,206,43,249,"17/07/2020 22:00"
1,206,43,249,"17/07/2020 23:00"
1,206,43,249,"18/07/2020 00:00"
1,206,44,250,"18/07/2020 01:00"
1,206,44,250,"18/07/2020 02:00"
1,206,44,250,"18/07/2020 03:00"
1,206,43,249,"18/07/2020 04:00"
1,206,44,250,"18/07/2020 05:00"
1,206,44,250,"18/07/2020 06:00"
1,206,44,250,"18/07/2020 07:00"
1,206,43,249,"18/07/2020 08:00"
1,206,43,249,"18/07/2020 09:00"
1,206,43,249,"18/07/2020 10:00"
1,206,43,249,"18/07/2020 11:00"
1,206,43,249,"18/07/2020 12:00"
1,206,43,249,"18/07/2020 13:00"
1,206,43,249,"18/07/2020 14:00"
1,206,43,249,"18/07/2020 15:00"
1,206,43,249,"18/07/2020 16:00"
1,206,43,249,"18/07/2020 17:00"
1,206,43,249,"18/07/2020 18:00"
1,206,43,249,"18/07/2020 19:00"
1,206,44,250,"18/07/2020 20:00"
1,206,43,249,"18/07/2020 21:00"
1,206,44,250,"18/07/2020 22:00"
1,206,43,249,"18/07/2020 23:00"
1,206,44,250,"19/07/2020 00:00"
1,206,44,250,"19/07/2020 01:00"
1,206,43,249,"19/07/2020 02:00"
1,206,43,249,"19/07/2020 03:00"
1,206,43,249,"19/07/2020 04:00"
1,206,43,249,"19/07/2020 05:00"
1,206,44,250,"19/07/2020 06:00"
1,206,43,249,"19/07/2020 07:00"
1,206,44,250,"19/07/2020 08:00"
1,206,44,250,"19/07/2020 09:00"
1,206,44,250,"19/07/2020 10:00"
1,206,44,250,"19/07/2020 11:00"
1,206,44,250,"19/07/2020 12:00"
1,206,44,250,"19/07/2020 13:00"
1,206,44,250,"19/07/2020 14:00"
1,206,44,250,"19/07/2020 15:00"
1,206,44,250,"19/07/2020 16:00"
1,206,44,250,"19/07/2020 17:00"
1,206,44,250,"19/07/2020 18:00"
1,206,45,251,"19/07/2020 19:00"
1,206,44,250,"19/07/2020 20:00"
1,206,44,250,"19/07/2020 21:00"
1,206,44,250,"19/07/2020 22:00"
1,206,45,251,"19/07/2020 23:00"
1,206,44,250,"20/07/2020 00:00"
1,206,40,246,"20/07/2020 01:00"
1,206,41,247,"20/07/2020 02:00"
1,206,41,247,"20/07/2020 03:00"
1,206,41,247,"20/07/2020 04:00"
1,206,40,246,"20/07/2020 05:00"
1,206,40,246,"20/07/2020 06:00"
1,206,41,247,"20/07/2020 07:00"
1,206,41,247,"20/07/2020 08:00"
1,206,41,247,"20/07/2020 09:00"
1,206,41,247,"20/07/2020 10:00"
1,206,41,247,"20/07/2020 11:00"
1,206,41,247,"20/07/2020 12:00"
1,206,41,247,"20/07/2020 13:00"
1,206,41,247,"20/07/2020 14:00"
1,206,42,248,"20/07/2020 15:00"
1,206,43,249,"20/07/2020 16:00"
1,206,43,249,"20/07/2020 17:00"
1,206,43,249,"20/07/2020 18:00"
1,206,44,250,"20/07/2020 19:00"
1,206,44,250,"20/07/2020 20:00"
1,206,44,250,"20/07/2020 21:00"
1,206,44,250,"20/07/2020 22:00"
1,206,43,249,"20/07/2020 23:00"
1,206,43,249,"21/07/2020 00:00"
1,206,44,250,"21/07/2020 01:00"
1,206,44,250,"21/07/2020 02:00"
1,206,43,249,"21/07/2020 03:00"
1,206,44,250,"21/07/2020 04:00"
1,206,45,251,"21/07/2020 05:00"
1,206,45,251,"21/07/2020 06:00"
1,206,44,250,"21/07/2020 07:00"
1,206,45,251,"21/07/2020 08:00"
1,206,45,251,"21/07/2020 09:00"
1,206,44,250,"21/07/2020 10:00"
1,206,45,251,"21/07/2020 11:00"
1,206,45,251,"21/07/2020 12:00"
1,206,44,250,"21/07/2020 13:00"
1,206,44,250,"21/07/2020 14:00"
1,206,45,251,"21/07/2020 15:00"
1,206,44,250,"21/07/2020 16:00"
1,206,44,250,"21/07/2020 17:00"
1,206,44,250,"21/07/2020 18:00"
1,206,43,249,"21/07/2020 19:00"
1,206,43,249,"21/07/2020 20:01"
1,206,43,249,"21/07/2020 21:00"
1,206,43,249,"21/07/2020 22:00"
1,206,43,249,"21/07/2020 23:00"
1,206,44,250,"22/07/2020 00:00"
1,206,45,251,"22/07/2020 01:00"
1,206,43,249,"22/07/2020 02:00"
1,206,43,249,"22/07/2020 03:00"
1,206,44,250,"22/07/2020 04:00"
1,206,44,250,"22/07/2020 05:00"
1,206,44,250,"22/07/2020 06:00"
1,206,43,249,"22/07/2020 07:00"
1,206,44,250,"22/07/2020 08:00"
1,206,44,250,"22/07/2020 09:00"
1,206,44,250,"22/07/2020 10:00"
1,206,44,250,"22/07/2020 11:00"
1,206,44,250,"22/07/2020 12:00"
2,206,41,247,"22/06/2020 00:00"
2,206,41,247,"22/06/2020 01:00"
2,206,41,247,"22/06/2020 02:00"
2,206,41,247,"22/06/2020 03:00"
2,206,41,247,"22/06/2020 04:00"
2,206,41,247,"22/06/2020 05:00"
2,206,43,249,"22/06/2020 06:00"
2,206,41,247,"22/06/2020 07:00"
2,206,41,247,"22/06/2020 08:00"
2,206,41,247,"22/06/2020 09:00"
2,206,41,247,"22/06/2020 10:00"
2,205,37,242,"22/06/2020 11:00"
2,205,37,242,"22/06/2020 12:00"
2,205,37,242,"22/06/2020 13:00"
2,206,38,244,"22/06/2020 14:00"
2,206,37,243,"22/06/2020 15:00"
2,206,38,244,"22/06/2020 16:00"
2,206,38,244,"22/06/2020 17:00"
2,206,38,244,"22/06/2020 18:00"
2,206,39,245,"22/06/2020 19:00"
2,206,39,245,"22/06/2020 20:00"
2,206,39,245,"22/06/2020 21:00"
2,206,39,245,"22/06/2020 22:00"
2,206,39,245,"22/06/2020 23:00"
2,206,39,245,"23/06/2020 00:00"
2,206,39,245,"23/06/2020 01:00"
2,206,39,245,"23/06/2020 02:00"
2,206,39,245,"23/06/2020 03:00"
2,206,39,245,"23/06/2020 04:00"
2,206,39,245,"23/06/2020 05:00"
2,206,40,246,"23/06/2020 06:00"
2,206,39,245,"23/06/2020 07:00"
2,206,39,245,"23/06/2020 08:00"
2,206,39,245,"23/06/2020 09:00"
2,206,39,245,"23/06/2020 10:00"
2,206,39,245,"23/06/2020 11:00"
2,206,39,245,"23/06/2020 12:00"
2,206,39,245,"23/06/2020 13:00"
2,206,39,245,"23/06/2020 14:00"
2,206,39,245,"23/06/2020 15:00"
2,206,39,245,"23/06/2020 16:00"
2,206,39,245,"23/06/2020 17:00"
2,206,39,245,"23/06/2020 18:00"
2,206,39,245,"23/06/2020 19:00"
2,206,39,245,"23/06/2020 20:00"
2,206,39,245,"23/06/2020 21:00"
2,206,39,245,"23/06/2020 22:00"
2,206,39,245,"23/06/2020 23:00"
2,206,39,245,"24/06/2020 00:00"
2,206,40,246,"24/06/2020 01:00"
2,206,39,245,"24/06/2020 02:00"
2,206,39,245,"24/06/2020 03:00"
2,206,39,245,"24/06/2020 04:00"
2,206,39,245,"24/06/2020 05:00"
2,206,41,247,"24/06/2020 06:00"
2,206,40,246,"24/06/2020 07:00"
2,206,39,245,"24/06/2020 08:00"
2,206,40,246,"24/06/2020 09:00"
2,206,39,245,"24/06/2020 10:00"
2,206,39,245,"24/06/2020 11:00"
2,206,39,245,"24/06/2020 12:00"
2,206,39,245,"24/06/2020 13:00"
2,206,39,245,"24/06/2020 14:00"
2,206,39,245,"24/06/2020 15:00"
2,206,40,246,"24/06/2020 16:00"
2,206,40,246,"24/06/2020 17:00"
2,206,40,246,"24/06/2020 18:00"
2,206,40,246,"24/06/2020 19:00"
2,206,40,246,"24/06/2020 20:00"
2,206,40,246,"24/06/2020 21:00"
2,206,40,246,"24/06/2020 22:00"
2,206,40,246,"24/06/2020 23:00"
2,206,40,246,"25/06/2020 00:00"
2,206,41,247,"25/06/2020 01:00"
2,206,40,246,"25/06/2020 02:00"
2,206,40,246,"25/06/2020 03:00"
2,206,40,246,"25/06/2020 04:00"
2,206,40,246,"25/06/2020 05:00"
2,206,42,248,"25/06/2020 06:00"
2,206,40,246,"25/06/2020 07:00"
2,206,40,246,"25/06/2020 08:00"
2,206,40,246,"25/06/2020 09:00"
2,206,40,246,"25/06/2020 10:00"
2,206,40,246,"25/06/2020 11:00"
2,206,40,246,"25/06/2020 12:00"
2,206,40,246,"25/06/2020 13:00"
2,206,40,246,"25/06/2020 14:00"
2,206,40,246,"25/06/2020 15:00"
2,206,41,247,"25/06/2020 16:00"
2,206,42,248,"25/06/2020 17:00"
2,206,40,246,"25/06/2020 18:00"
2,206,40,246,"25/06/2020 19:00"
2,206,41,247,"25/06/2020 20:00"
2,206,41,247,"25/06/2020 21:00"
2,206,41,247,"25/06/2020 22:00"
2,206,42,248,"25/06/2020 23:00"
2,206,41,247,"26/06/2020 00:00"
2,206,43,249,"26/06/2020 01:00"
2,206,41,247,"26/06/2020 02:00"
2,206,41,247,"26/06/2020 03:00"
2,206,41,247,"26/06/2020 04:00"
2,206,42,248,"26/06/2020 05:00"
2,206,43,249,"26/06/2020 06:00"
2,206,42,248,"26/06/2020 07:00"
2,206,41,247,"26/06/2020 08:00"
2,206,41,247,"26/06/2020 09:00"
2,206,41,247,"26/06/2020 10:00"
2,206,41,247,"26/06/2020 11:00"
2,206,41,247,"26/06/2020 12:00"
2,206,41,247,"26/06/2020 13:00"
2,206,41,247,"26/06/2020 14:00"
2,206,42,248,"26/06/2020 15:00"
2,206,41,247,"26/06/2020 16:00"
2,206,42,248,"26/06/2020 17:00"
2,206,42,248,"26/06/2020 18:00"
2,206,42,248,"26/06/2020 19:00"
2,206,42,248,"26/06/2020 20:00"
2,206,42,248,"26/06/2020 21:00"
2,206,42,248,"26/06/2020 22:00"
2,206,42,248,"26/06/2020 23:00"
2,206,42,248,"27/06/2020 00:00"
2,206,43,249,"27/06/2020 01:00"
2,206,42,248,"27/06/2020 02:00"
2,206,42,248,"27/06/2020 03:00"
2,206,42,248,"27/06/2020 04:00"
2,206,42,248,"27/06/2020 05:00"
2,206,44,250,"27/06/2020 06:00"
2,206,42,248,"27/06/2020 07:00"
2,206,42,248,"27/06/2020 08:00"
2,206,42,248,"27/06/2020 09:00"
2,206,42,248,"27/06/2020 10:00"
2,206,42,248,"27/06/2020 11:00"
2,206,42,248,"27/06/2020 12:00"
2,206,42,248,"27/06/2020 13:00"
2,206,42,248,"27/06/2020 14:00"
2,206,42,248,"27/06/2020 15:00"
2,206,42,248,"27/06/2020 16:00"
2,206,42,248,"27/06/2020 17:00"
2,206,42,248,"27/06/2020 18:00"
2,206,42,248,"27/06/2020 19:00"
2,206,42,248,"27/06/2020 20:00"
2,206,42,248,"27/06/2020 21:00"
2,206,42,248,"27/06/2020 22:00"
2,206,42,248,"27/06/2020 23:00"
2,206,42,248,"28/06/2020 00:00"
2,206,43,249,"28/06/2020 01:00"
2,206,44,250,"28/06/2020 02:00"
2,206,42,248,"28/06/2020 03:00"
2,206,42,248,"28/06/2020 04:00"
2,206,43,249,"28/06/2020 05:00"
2,206,44,250,"28/06/2020 06:00"
2,206,43,249,"28/06/2020 07:00"
2,206,42,248,"28/06/2020 08:00"
2,206,42,248,"28/06/2020 09:00"
2,206,42,248,"28/06/2020 10:00"
2,206,42,248,"28/06/2020 11:00"
2,206,42,248,"28/06/2020 12:00"
2,206,42,248,"28/06/2020 13:00"
2,206,42,248,"28/06/2020 14:00"
2,206,43,249,"28/06/2020 15:00"
2,206,42,248,"28/06/2020 16:00"
2,206,42,248,"28/06/2020 17:00"
2,206,42,248,"28/06/2020 18:00"
2,206,42,248,"28/06/2020 19:00"
2,206,42,248,"28/06/2020 20:00"
2,206,42,248,"28/06/2020 21:00"
2,206,42,248,"28/06/2020 22:00"
2,206,42,248,"28/06/2020 23:00"
2,206,42,248,"29/06/2020 00:00"
2,206,44,250,"29/06/2020 01:00"
2,206,44,250,"29/06/2020 02:00"
2,206,42,248,"29/06/2020 03:00"
2,206,43,249,"29/06/2020 04:00"
2,206,43,249,"29/06/2020 05:00"
2,206,44,250,"29/06/2020 06:00"
2,206,43,249,"29/06/2020 07:00"
2,206,42,248,"29/06/2020 08:00"
2,206,42,248,"29/06/2020 09:00"
2,206,42,248,"29/06/2020 10:00"
2,206,42,248,"29/06/2020 11:00"
2,206,42,248,"29/06/2020 12:00"
2,206,42,248,"29/06/2020 13:00"
2,206,43,249,"29/06/2020 14:00"
2,206,42,248,"29/06/2020 15:00"
2,206,42,248,"29/06/2020 16:00"
2,206,43,249,"29/06/2020 17:00"
2,206,42,248,"29/06/2020 18:00"
2,206,42,248,"29/06/2020 19:00"
2,206,43,249,"29/06/2020 20:00"
2,206,43,249,"29/06/2020 21:00"
2,206,43,249,"29/06/2020 22:00"
2,206,42,248,"29/06/2020 23:00"
2,206,42,248,"30/06/2020 00:00"
2,206,44,250,"30/06/2020 01:00"
2,206,44,250,"30/06/2020 02:00"
2,206,43,249,"30/06/2020 03:00"
2,206,43,249,"30/06/2020 04:00"
2,206,43,249,"30/06/2020 05:00"
2,206,44,250,"30/06/2020 06:00"
2,206,43,249,"30/06/2020 07:00"
2,206,42,248,"30/06/2020 08:00"
2,206,42,248,"30/06/2020 09:00"
2,206,42,248,"30/06/2020 10:00"
2,206,42,248,"30/06/2020 11:00"
2,206,42,248,"30/06/2020 12:00"
2,206,42,248,"30/06/2020 13:00"
2,206,42,248,"30/06/2020 14:00"
2,206,42,248,"30/06/2020 15:00"
2,206,42,248,"30/06/2020 16:00"
2,206,43,249,"30/06/2020 17:00"
2,206,42,248,"30/06/2020 18:00"
2,206,43,249,"30/06/2020 19:00"
2,206,43,249,"30/06/2020 20:00"
2,206,43,249,"30/06/2020 21:00"
2,206,42,248,"30/06/2020 22:00"
2,206,42,248,"30/06/2020 23:00"
2,206,42,248,"01/07/2020 00:00"
2,206,44,250,"01/07/2020 01:00"
2,206,44,250,"01/07/2020 02:00"
2,206,45,251,"01/07/2020 03:00"
2,206,44,250,"01/07/2020 04:00"
2,206,43,249,"01/07/2020 05:00"
2,206,44,250,"01/07/2020 06:00"
2,206,43,249,"01/07/2020 07:00"
2,206,42,248,"01/07/2020 08:00"
2,206,42,248,"01/07/2020 09:00"
2,206,44,250,"01/07/2020 10:00"
2,206,44,250,"01/07/2020 11:00"
2,206,44,250,"01/07/2020 12:00"
2,206,44,250,"01/07/2020 13:00"
2,206,44,250,"01/07/2020 14:00"
2,206,44,250,"01/07/2020 15:00"
2,206,45,251,"01/07/2020 16:00"
2,206,44,250,"01/07/2020 17:00"
2,206,44,250,"01/07/2020 18:00"
2,206,44,250,"01/07/2020 19:00"
2,206,44,250,"01/07/2020 20:00"
2,206,44,250,"01/07/2020 21:00"
2,206,44,250,"01/07/2020 22:00"
2,206,44,250,"01/07/2020 23:00"
2,206,44,250,"02/07/2020 00:00"
2,206,44,250,"02/07/2020 01:00"
2,206,43,249,"02/07/2020 02:00"
2,206,43,249,"02/07/2020 03:00"
2,206,43,249,"02/07/2020 04:00"
2,206,44,250,"02/07/2020 05:00"
2,206,44,250,"02/07/2020 06:00"
2,206,43,249,"02/07/2020 07:00"
2,206,42,248,"02/07/2020 08:00"
2,206,42,248,"02/07/2020 09:00"
2,206,42,248,"02/07/2020 10:00"
2,206,42,248,"02/07/2020 11:00"
2,206,43,249,"02/07/2020 12:00"
2,206,43,249,"02/07/2020 13:00"
2,206,42,248,"02/07/2020 14:00"
2,206,43,249,"02/07/2020 15:00"
2,206,43,249,"02/07/2020 16:00"
2,206,43,249,"02/07/2020 17:00"
2,206,42,248,"02/07/2020 18:00"
2,206,43,249,"02/07/2020 19:00"
2,206,43,249,"02/07/2020 20:00"
2,206,43,249,"02/07/2020 21:00"
2,206,42,248,"02/07/2020 22:00"
2,206,42,248,"02/07/2020 23:00"
2,206,42,248,"03/07/2020 00:00"
2,206,44,250,"03/07/2020 01:00"
2,206,43,249,"03/07/2020 02:00"
2,206,43,249,"03/07/2020 03:00"
2,206,43,249,"03/07/2020 04:00"
2,206,43,249,"03/07/2020 05:00"
2,206,44,250,"03/07/2020 06:00"
2,206,42,248,"03/07/2020 07:00"
2,206,42,248,"03/07/2020 08:00"
2,206,42,248,"03/07/2020 09:00"
2,206,42,248,"03/07/2020 10:00"
2,206,42,248,"03/07/2020 11:00"
2,206,42,248,"03/07/2020 12:00"
2,206,42,248,"03/07/2020 13:00"
2,206,42,248,"03/07/2020 14:00"
2,206,42,248,"03/07/2020 15:00"
2,206,42,248,"03/07/2020 16:00"
2,206,44,250,"03/07/2020 17:00"
2,206,43,249,"03/07/2020 18:00"
2,206,42,248,"03/07/2020 19:00"
2,206,42,248,"03/07/2020 20:00"
2,206,43,249,"03/07/2020 21:00"
2,206,43,249,"03/07/2020 22:00"
2,206,43,249,"03/07/2020 23:00"
2,206,42,248,"04/07/2020 00:00"
2,206,44,250,"04/07/2020 01:00"
2,206,43,249,"04/07/2020 02:00"
2,206,43,249,"04/07/2020 03:00"
2,206,43,249,"04/07/2020 04:00"
2,206,43,249,"04/07/2020 05:00"
2,205,44,249,"04/07/2020 06:00"
2,205,42,247,"04/07/2020 07:00"
2,205,42,247,"04/07/2020 08:00"
2,205,42,247,"04/07/2020 09:00"
2,205,42,247,"04/07/2020 10:00"
2,205,42,247,"04/07/2020 11:00"
2,205,43,248,"04/07/2020 12:00"
2,206,42,248,"04/07/2020 13:00"
2,206,43,249,"04/07/2020 14:00"
2,206,43,249,"04/07/2020 15:00"
2,206,43,249,"04/07/2020 16:00"
2,206,42,248,"04/07/2020 17:00"
2,206,42,248,"04/07/2020 18:00"
2,206,43,249,"04/07/2020 19:00"
2,206,42,248,"04/07/2020 20:00"
2,206,43,249,"04/07/2020 21:00"
2,206,43,249,"04/07/2020 22:00"
2,206,43,249,"04/07/2020 23:00"
2,206,43,249,"05/07/2020 00:00"
2,206,44,250,"05/07/2020 01:00"
2,206,43,249,"05/07/2020 02:00"
2,206,43,249,"05/07/2020 03:00"
2,206,43,249,"05/07/2020 04:00"
2,206,43,249,"05/07/2020 05:00"
2,206,44,250,"05/07/2020 06:00"
2,206,42,248,"05/07/2020 07:00"
2,206,42,248,"05/07/2020 08:00"
2,206,42,248,"05/07/2020 09:00"
2,206,42,248,"05/07/2020 10:00"
2,206,42,248,"05/07/2020 11:00"
2,206,42,248,"05/07/2020 12:00"
2,206,43,249,"05/07/2020 13:00"
2,206,43,249,"05/07/2020 14:00"
2,206,42,248,"05/07/2020 15:00"
2,206,43,249,"05/07/2020 16:00"
2,206,42,248,"05/07/2020 17:00"
2,206,42,248,"05/07/2020 18:00"
2,206,42,248,"05/07/2020 19:00"
2,206,43,249,"05/07/2020 20:00"
2,206,42,248,"05/07/2020 21:00"
2,206,42,248,"05/07/2020 22:00"
2,206,42,248,"05/07/2020 23:00"
2,206,42,248,"06/07/2020 00:00"
2,206,43,249,"06/07/2020 01:00"
2,206,42,248,"06/07/2020 02:00"
2,206,42,248,"06/07/2020 03:00"
2,206,42,248,"06/07/2020 04:00"
2,206,43,249,"06/07/2020 05:00"
2,206,44,250,"06/07/2020 06:00"
2,206,42,248,"06/07/2020 07:00"
2,206,42,248,"06/07/2020 08:00"
2,206,42,248,"06/07/2020 09:00"
2,206,42,248,"06/07/2020 10:00"
2,206,42,248,"06/07/2020 11:00"
2,206,42,248,"06/07/2020 12:00"
2,206,42,248,"06/07/2020 13:00"
2,206,42,248,"06/07/2020 14:00"
2,206,43,249,"06/07/2020 15:00"
2,206,43,249,"06/07/2020 16:00"
2,206,43,249,"06/07/2020 17:00"
2,206,42,248,"06/07/2020 18:00"
2,206,43,249,"06/07/2020 19:00"
2,206,43,249,"06/07/2020 20:00"
2,206,42,248,"06/07/2020 21:00"
2,206,43,249,"06/07/2020 22:00"
2,206,43,249,"06/07/2020 23:00"
2,206,43,249,"07/07/2020 00:00"
2,206,43,249,"07/07/2020 01:00"
2,206,43,249,"07/07/2020 02:00"
2,206,43,249,"07/07/2020 03:00"
2,206,43,249,"07/07/2020 04:00"
2,206,43,249,"07/07/2020 05:00"
2,206,44,250,"07/07/2020 06:00"
2,206,43,249,"07/07/2020 07:00"
2,206,43,249,"07/07/2020 08:00"
2,206,42,248,"07/07/2020 09:00"
2,206,42,248,"07/07/2020 10:00"
2,206,42,248,"07/07/2020 11:00"
2,206,42,248,"07/07/2020 12:00"
2,206,42,248,"07/07/2020 13:00"
2,206,42,248,"07/07/2020 14:00"
2,206,43,249,"07/07/2020 15:00"
2,206,43,249,"07/07/2020 16:00"
2,206,42,248,"07/07/2020 17:00"
2,206,42,248,"07/07/2020 18:00"
2,206,43,249,"07/07/2020 19:00"
2,206,43,249,"07/07/2020 20:00"
2,206,43,249,"07/07/2020 21:00"
2,206,43,249,"07/07/2020 22:00"
2,206,43,249,"07/07/2020 23:00"
2,206,43,249,"08/07/2020 00:00"
2,206,43,249,"08/07/2020 01:00"
2,206,43,249,"08/07/2020 02:00"
2,206,43,249,"08/07/2020 03:00"
2,206,43,249,"08/07/2020 04:00"
2,206,43,249,"08/07/2020 05:00"
2,206,44,250,"08/07/2020 06:00"
2,206,42,248,"08/07/2020 07:00"
2,206,42,248,"08/07/2020 08:00"
2,206,43,249,"08/07/2020 09:00"
2,206,42,248,"08/07/2020 10:00"
2,206,42,248,"08/07/2020 11:00"
2,206,42,248,"08/07/2020 12:00"
2,206,43,249,"08/07/2020 13:00"
2,206,42,248,"08/07/2020 14:00"
2,206,43,249,"08/07/2020 15:00"
2,206,42,248,"08/07/2020 16:00"
2,206,42,248,"08/07/2020 17:00"
2,206,42,248,"08/07/2020 18:00"
2,206,42,248,"08/07/2020 19:00"
2,206,42,248,"08/07/2020 20:00"
2,206,43,249,"08/07/2020 21:00"
2,206,42,248,"08/07/2020 22:00"
2,206,42,248,"08/07/2020 23:00"
2,206,42,248,"09/07/2020 00:00"
2,206,43,249,"09/07/2020 01:00"
2,206,42,248,"09/07/2020 02:00"
2,206,42,248,"09/07/2020 03:00"
2,206,42,248,"09/07/2020 04:00"
2,206,43,249,"09/07/2020 05:00"
2,206,44,250,"09/07/2020 06:00"
2,206,42,248,"09/07/2020 07:00"
2,206,42,248,"09/07/2020 08:00"
2,206,42,248,"09/07/2020 09:00"
2,206,42,248,"09/07/2020 10:00"
2,206,42,248,"09/07/2020 11:00"
2,206,42,248,"09/07/2020 12:00"
2,206,42,248,"09/07/2020 13:00"
2,206,43,249,"09/07/2020 14:00"
2,206,43,249,"09/07/2020 15:00"
2,206,44,250,"09/07/2020 16:00"
2,206,41,247,"09/07/2020 17:00"
2,206,42,248,"09/07/2020 18:00"
2,206,42,248,"09/07/2020 19:00"
2,206,42,248,"09/07/2020 20:00"
2,206,43,249,"09/07/2020 21:00"
2,206,42,248,"09/07/2020 22:00"
2,206,42,248,"09/07/2020 23:00"
2,206,42,248,"10/07/2020 00:00"
2,206,44,250,"10/07/2020 01:00"
2,206,42,248,"10/07/2020 02:00"
2,206,42,248,"10/07/2020 03:00"
2,206,42,248,"10/07/2020 04:00"
2,206,43,249,"10/07/2020 05:00"
2,206,44,250,"10/07/2020 06:00"
2,206,42,248,"10/07/2020 07:00"
2,206,42,248,"10/07/2020 08:00"
2,206,42,248,"10/07/2020 09:00"
2,206,42,248,"10/07/2020 10:00"
2,206,42,248,"10/07/2020 11:00"
2,206,42,248,"10/07/2020 12:00"
2,206,42,248,"10/07/2020 13:00"
2,206,42,248,"10/07/2020 14:00"
2,206,42,248,"10/07/2020 15:00"
2,206,42,248,"10/07/2020 16:00"
2,206,42,248,"10/07/2020 17:00"
2,206,42,248,"10/07/2020 18:00"
2,206,42,248,"10/07/2020 19:00"
2,206,42,248,"10/07/2020 20:00"
2,206,42,248,"10/07/2020 21:00"
2,206,42,248,"10/07/2020 22:00"
2,206,42,248,"10/07/2020 23:00"
2,206,42,248,"11/07/2020 00:00"
2,206,43,249,"11/07/2020 01:00"
2,206,41,247,"11/07/2020 02:00"
2,206,42,248,"11/07/2020 03:00"
2,206,42,248,"11/07/2020 04:00"
2,206,42,248,"11/07/2020 05:00"
2,206,43,249,"11/07/2020 06:00"
2,206,42,248,"11/07/2020 07:00"
2,206,42,248,"11/07/2020 08:00"
2,206,42,248,"11/07/2020 09:00"
2,206,42,248,"11/07/2020 10:00"
2,206,42,248,"11/07/2020 11:00"
2,206,42,248,"11/07/2020 12:00"
2,206,42,248,"11/07/2020 13:00"
2,206,42,248,"11/07/2020 14:00"
2,206,43,249,"11/07/2020 15:00"
2,206,42,248,"11/07/2020 16:00"
2,206,42,248,"11/07/2020 17:00"
2,206,42,248,"11/07/2020 18:00"
2,206,42,248,"11/07/2020 19:00"
2,206,42,248,"11/07/2020 20:00"
2,206,42,248,"11/07/2020 21:00"
2,206,42,248,"11/07/2020 22:00"
2,206,42,248,"11/07/2020 23:00"
2,206,42,248,"12/07/2020 00:00"
2,206,43,249,"12/07/2020 01:00"
2,206,42,248,"12/07/2020 02:00"
2,206,42,248,"12/07/2020 03:00"
2,206,42,248,"12/07/2020 04:00"
2,206,43,249,"12/07/2020 05:00"
2,206,44,250,"12/07/2020 06:00"
2,206,42,248,"12/07/2020 07:00"
2,206,42,248,"12/07/2020 08:00"
2,206,42,248,"12/07/2020 09:00"
2,206,42,248,"12/07/2020 10:00"
2,206,42,248,"12/07/2020 11:00"
2,206,42,248,"12/07/2020 12:00"
2,206,42,248,"12/07/2020 13:00"
2,206,42,248,"12/07/2020 14:00"
2,206,43,249,"12/07/2020 15:00"
2,206,42,248,"12/07/2020 16:00"
2,206,42,248,"12/07/2020 17:00"
2,206,42,248,"12/07/2020 18:00"
2,206,42,248,"12/07/2020 19:00"
2,206,42,248,"12/07/2020 20:00"
2,206,42,248,"12/07/2020 21:00"
2,206,42,248,"12/07/2020 22:00"
2,206,42,248,"12/07/2020 23:00"
2,206,42,248,"13/07/2020 00:00"
2,206,43,249,"13/07/2020 01:00"
2,206,42,248,"13/07/2020 02:00"
2,206,42,248,"13/07/2020 03:00"
2,206,42,248,"13/07/2020 04:00"
2,206,42,248,"13/07/2020 05:00"
2,206,44,250,"13/07/2020 06:00"
2,206,42,248,"13/07/2020 07:00"
2,206,42,248,"13/07/2020 08:00"
2,206,42,248,"13/07/2020 09:00"
2,206,42,248,"13/07/2020 10:00"
2,206,42,248,"13/07/2020 11:00"
2,206,42,248,"13/07/2020 12:00"
2,206,42,248,"13/07/2020 13:00"
2,206,43,249,"13/07/2020 14:00"
2,206,43,249,"13/07/2020 15:00"
2,206,43,249,"13/07/2020 16:00"
2,206,42,248,"13/07/2020 17:00"
2,206,42,248,"13/07/2020 18:00"
2,206,43,249,"13/07/2020 19:00"
2,206,43,249,"13/07/2020 20:00"
2,206,43,249,"13/07/2020 21:00"
2,206,43,249,"13/07/2020 22:00"
2,206,43,249,"13/07/2020 23:00"
2,206,43,249,"14/07/2020 00:00"
2,206,44,250,"14/07/2020 01:00"
2,206,43,249,"14/07/2020 02:00"
2,206,43,249,"14/07/2020 03:00"
2,206,43,249,"14/07/2020 04:00"
2,206,44,250,"14/07/2020 05:00"
2,206,44,250,"14/07/2020 06:00"
2,206,43,249,"14/07/2020 07:00"
2,206,43,249,"14/07/2020 08:00"
2,206,42,248,"14/07/2020 09:00"
2,206,42,248,"14/07/2020 10:00"
2,206,42,248,"14/07/2020 11:00"
2,206,41,247,"14/07/2020 12:00"
2,206,43,249,"14/07/2020 13:00"
2,206,42,248,"14/07/2020 14:00"
2,206,42,248,"14/07/2020 15:00"
2,206,42,248,"14/07/2020 16:00"
2,206,42,248,"14/07/2020 17:00"
2,206,43,249,"14/07/2020 18:00"
2,206,43,249,"14/07/2020 19:00"
2,206,43,249,"14/07/2020 20:00"
2,206,43,249,"14/07/2020 21:00"
2,206,43,249,"14/07/2020 22:00"
2,206,43,249,"14/07/2020 23:00"
2,206,43,249,"15/07/2020 00:00"
2,206,44,250,"15/07/2020 01:00"
2,206,43,249,"15/07/2020 02:00"
2,206,43,249,"15/07/2020 03:00"
2,206,43,249,"15/07/2020 04:00"
2,206,44,250,"15/07/2020 05:00"
2,206,44,250,"15/07/2020 06:00"
2,206,42,248,"15/07/2020 07:00"
2,206,42,248,"15/07/2020 08:00"
2,206,42,248,"15/07/2020 09:00"
2,206,42,248,"15/07/2020 10:00"
2,206,42,248,"15/07/2020 11:00"
2,206,42,248,"15/07/2020 12:00"
2,206,43,249,"15/07/2020 13:00"
2,206,42,248,"15/07/2020 14:00"
2,206,43,249,"15/07/2020 15:00"
2,206,42,248,"15/07/2020 16:00"
2,206,43,249,"15/07/2020 17:00"
2,206,42,248,"15/07/2020 18:00"
2,206,43,249,"15/07/2020 19:00"
2,206,43,249,"15/07/2020 20:00"
2,206,43,249,"15/07/2020 21:00"
2,206,42,248,"15/07/2020 22:00"
2,206,42,248,"15/07/2020 23:00"
2,206,42,248,"16/07/2020 00:00"
2,206,43,249,"16/07/2020 01:00"
2,206,42,248,"16/07/2020 02:00"
2,206,42,248,"16/07/2020 03:00"
2,206,42,248,"16/07/2020 04:00"
2,206,43,249,"16/07/2020 05:00"
2,206,44,250,"16/07/2020 06:00"
2,206,42,248,"16/07/2020 07:00"
2,206,42,248,"16/07/2020 08:00"
2,206,42,248,"16/07/2020 09:00"
2,206,42,248,"16/07/2020 10:00"
2,206,42,248,"16/07/2020 11:00"
2,206,42,248,"16/07/2020 12:00"
2,206,41,247,"16/07/2020 13:00"
2,206,41,247,"16/07/2020 14:00"
2,206,41,247,"16/07/2020 15:00"
2,206,41,247,"16/07/2020 16:00"
2,206,41,247,"16/07/2020 17:00"
2,206,41,247,"16/07/2020 18:00"
2,206,41,247,"16/07/2020 19:00"
2,206,42,248,"16/07/2020 20:00"
2,206,41,247,"16/07/2020 21:00"
2,206,42,248,"16/07/2020 22:00"
2,206,42,248,"16/07/2020 23:00"
2,206,42,248,"17/07/2020 00:00"
2,206,42,248,"17/07/2020 01:00"
2,206,42,248,"17/07/2020 02:00"
2,206,42,248,"17/07/2020 03:00"
2,206,41,247,"17/07/2020 04:00"
2,206,42,248,"17/07/2020 05:00"
2,206,44,250,"17/07/2020 06:00"
2,206,42,248,"17/07/2020 07:00"
2,206,42,248,"17/07/2020 08:00"
2,206,41,247,"17/07/2020 09:00"
2,206,41,247,"17/07/2020 10:00"
2,206,40,246,"17/07/2020 11:00"
2,206,41,247,"17/07/2020 12:00"
2,206,40,246,"17/07/2020 13:00"
2,206,40,246,"17/07/2020 14:00"
2,206,41,247,"17/07/2020 15:00"
2,206,41,247,"17/07/2020 16:00"
2,206,41,247,"17/07/2020 17:00"
2,206,41,247,"17/07/2020 18:00"
2,206,42,248,"17/07/2020 19:00"
2,206,42,248,"17/07/2020 20:00"
2,206,42,248,"17/07/2020 21:00"
2,206,41,247,"17/07/2020 22:00"
2,206,42,248,"17/07/2020 23:00"
2,206,42,248,"18/07/2020 00:00"
2,206,44,250,"18/07/2020 01:00"
2,206,42,248,"18/07/2020 02:00"
2,206,41,247,"18/07/2020 03:00"
2,206,42,248,"18/07/2020 04:00"
2,206,42,248,"18/07/2020 05:00"
2,206,43,249,"18/07/2020 06:00"
2,206,42,248,"18/07/2020 07:00"
2,206,41,247,"18/07/2020 08:00"
2,206,41,247,"18/07/2020 09:00"
2,206,41,247,"18/07/2020 10:00"
2,206,41,247,"18/07/2020 11:00"
2,206,41,247,"18/07/2020 12:00"
2,206,41,247,"18/07/2020 13:00"
2,206,41,247,"18/07/2020 14:00"
2,206,42,248,"18/07/2020 15:00"
2,206,41,247,"18/07/2020 16:00"
2,206,42,248,"18/07/2020 17:00"
2,206,41,247,"18/07/2020 18:00"
2,206,41,247,"18/07/2020 19:00"
2,206,41,247,"18/07/2020 20:00"
2,206,42,248,"18/07/2020 21:00"
2,206,41,247,"18/07/2020 22:00"
2,206,42,248,"18/07/2020 23:00"
2,206,41,247,"19/07/2020 00:00"
2,206,42,248,"19/07/2020 01:00"
2,206,41,247,"19/07/2020 02:00"
2,206,41,247,"19/07/2020 03:00"
2,206,41,247,"19/07/2020 04:00"
2,206,41,247,"19/07/2020 05:00"
2,206,43,249,"19/07/2020 06:00"
2,206,41,247,"19/07/2020 07:00"
2,206,41,247,"19/07/2020 08:00"
2,206,41,247,"19/07/2020 09:00"
2,206,41,247,"19/07/2020 10:00"
2,206,41,247,"19/07/2020 11:00"
2,206,41,247,"19/07/2020 12:00"
2,206,41,247,"19/07/2020 13:00"
2,206,41,247,"19/07/2020 14:00"
2,206,41,247,"19/07/2020 15:00"
2,206,41,247,"19/07/2020 16:00"
2,206,41,247,"19/07/2020 17:00"
2,206,41,247,"19/07/2020 18:00"
2,206,41,247,"19/07/2020 19:00"
2,206,41,247,"19/07/2020 20:00"
2,206,41,247,"19/07/2020 21:00"
2,206,41,247,"19/07/2020 22:00"
2,206,42,248,"19/07/2020 23:00"
2,206,41,247,"20/07/2020 00:00"
2,205,36,241,"20/07/2020 01:00"
2,205,37,242,"20/07/2020 02:00"
2,205,37,242,"20/07/2020 03:00"
2,205,37,242,"20/07/2020 04:00"
2,205,37,242,"20/07/2020 05:00"
2,205,37,242,"20/07/2020 06:00"
2,205,37,242,"20/07/2020 07:00"
2,205,37,242,"20/07/2020 08:00"
2,205,37,242,"20/07/2020 09:00"
2,205,37,242,"20/07/2020 10:00"
2,205,37,242,"20/07/2020 11:00"
2,205,37,242,"20/07/2020 12:00"
2,206,37,243,"20/07/2020 13:00"
2,205,37,242,"20/07/2020 14:00"
2,206,38,244,"20/07/2020 15:00"
2,206,38,244,"20/07/2020 16:00"
2,206,38,244,"20/07/2020 17:00"
2,206,38,244,"20/07/2020 18:00"
2,206,38,244,"20/07/2020 19:00"
2,206,37,243,"20/07/2020 20:00"
2,206,38,244,"20/07/2020 21:00"
2,206,38,244,"20/07/2020 22:00"
2,206,38,244,"20/07/2020 23:00"
2,206,38,244,"21/07/2020 00:00"
2,206,39,245,"21/07/2020 01:00"
2,206,38,244,"21/07/2020 02:00"
2,206,38,244,"21/07/2020 03:00"
2,206,38,244,"21/07/2020 04:00"
2,206,38,244,"21/07/2020 05:00"
2,206,40,246,"21/07/2020 06:00"
2,206,38,244,"21/07/2020 07:00"
2,206,38,244,"21/07/2020 08:00"
2,206,38,244,"21/07/2020 09:00"
2,206,38,244,"21/07/2020 10:00"
2,206,38,244,"21/07/2020 11:00"
2,206,38,244,"21/07/2020 12:00"
2,206,38,244,"21/07/2020 13:00"
2,206,38,244,"21/07/2020 14:00"
2,206,39,245,"21/07/2020 15:00"
2,206,39,245,"21/07/2020 16:00"
2,206,39,245,"21/07/2020 17:00"
2,206,39,245,"21/07/2020 18:00"
2,206,40,246,"21/07/2020 19:00"
2,206,39,245,"21/07/2020 20:00"
2,206,39,245,"21/07/2020 21:00"
2,206,40,246,"21/07/2020 22:00"
2,206,40,246,"21/07/2020 23:00"
2,206,40,246,"22/07/2020 00:00"
2,206,41,247,"22/07/2020 01:00"
2,206,40,246,"22/07/2020 02:00"
2,206,40,246,"22/07/2020 03:00"
2,206,39,245,"22/07/2020 04:00"
2,206,39,245,"22/07/2020 05:00"
2,206,41,247,"22/07/2020 06:00"
2,206,40,246,"22/07/2020 07:00"
2,206,39,245,"22/07/2020 08:00"
2,206,40,246,"22/07/2020 09:00"
2,206,40,246,"22/07/2020 10:00"
2,206,40,246,"22/07/2020 11:00"
2,206,40,246,"22/07/2020 12:00"
