INSTANCE,DATEAWR,VALUE
1,"01/10/2021 00:00",7863978
1,"01/10/2021 01:01",7261681
1,"01/10/2021 02:00",7181485
1,"01/10/2021 03:00",7182833
1,"01/10/2021 04:00",6847901
1,"01/10/2021 05:00",6951125
1,"01/10/2021 06:00",7005172
1,"01/10/2021 07:01",6664068
1,"01/10/2021 08:00",6701094
1,"01/10/2021 09:01",6660142
1,"01/10/2021 10:00",6986381
1,"01/10/2021 11:00",7246745
1,"01/10/2021 12:00",7901229
1,"01/10/2021 13:00",8055704
1,"01/10/2021 14:00",8108175
1,"01/10/2021 15:00",8171893
1,"01/10/2021 16:00",8781322
1,"01/10/2021 17:00",8297534
1,"01/10/2021 18:00",8680107
1,"01/10/2021 19:00",8459441
1,"01/10/2021 20:01",8369914
1,"01/10/2021 21:00",8103193
1,"01/10/2021 22:01",8090124
1,"01/10/2021 23:00",7890814
1,"02/10/2021 00:01",7882313
1,"02/10/2021 01:00",7495285
1,"02/10/2021 02:00",7357138
1,"02/10/2021 03:00",7020670
1,"02/10/2021 04:00",7069886
1,"02/10/2021 05:00",7024303
1,"02/10/2021 06:01",6828815
1,"02/10/2021 07:00",6597789
1,"02/10/2021 08:00",6507167
1,"02/10/2021 09:01",6692554
1,"02/10/2021 10:00",6738257
1,"02/10/2021 11:01",6256369
1,"02/10/2021 12:00",7129889
1,"02/10/2021 13:00",7554539
1,"02/10/2021 14:00",7697671
1,"02/10/2021 15:00",7215656
1,"02/10/2021 16:00",7391732
1,"02/10/2021 17:01",7411883
1,"02/10/2021 18:00",7714391
1,"02/10/2021 19:01",7125430
1,"02/10/2021 20:00",7000765
1,"02/10/2021 21:00",7099237
1,"02/10/2021 22:01",6770453
1,"02/10/2021 23:00",6828879
1,"03/10/2021 00:01",6790969
1,"03/10/2021 01:00",7082971
1,"03/10/2021 02:00",6874259
1,"03/10/2021 03:00",6790621
1,"03/10/2021 04:00",6682155
1,"03/10/2021 05:00",6663532
1,"03/10/2021 06:01",6176025
1,"03/10/2021 07:00",6220089
1,"03/10/2021 08:01",6142183
1,"03/10/2021 09:00",6559053
1,"03/10/2021 10:00",6088984
1,"03/10/2021 11:00",5953913
1,"03/10/2021 12:00",6193482
1,"03/10/2021 13:00",6722069
1,"03/10/2021 14:01",6843020
1,"03/10/2021 15:00",6469709
1,"03/10/2021 16:00",6615157
1,"03/10/2021 17:00",6817416
1,"03/10/2021 18:00",7016632
1,"03/10/2021 19:01",6679046
1,"03/10/2021 20:00",6686686
1,"03/10/2021 21:01",6554468
1,"03/10/2021 22:00",7019118
1,"03/10/2021 23:00",6434272
1,"04/10/2021 00:00",6418322
1,"04/10/2021 01:00",5863898
1,"04/10/2021 02:00",5820133
1,"04/10/2021 03:01",5609811
1,"04/10/2021 04:00",5707877
1,"04/10/2021 05:01",5582822
1,"04/10/2021 06:00",5827034
1,"04/10/2021 07:00",5610450
1,"04/10/2021 08:01",5605427
1,"04/10/2021 09:00",5736731
1,"04/10/2021 10:01",5929900
1,"04/10/2021 11:00",6114684
1,"04/10/2021 12:00",6394750
1,"04/10/2021 13:00",6784380
1,"04/10/2021 14:00",6920561
1,"04/10/2021 15:00",6711203
1,"04/10/2021 16:01",6929379
1,"04/10/2021 17:00",7224108
1,"04/10/2021 18:01",7060036
1,"04/10/2021 19:00",7451469
1,"04/10/2021 20:00",7292186
1,"04/10/2021 21:01",7382670
1,"04/10/2021 22:00",7724675
1,"04/10/2021 23:01",6801871
1,"05/10/2021 00:00",7337949
1,"05/10/2021 01:00",3961402
1,"05/10/2021 02:01",3830105
1,"05/10/2021 03:00",5753223
1,"05/10/2021 04:00",5885385
1,"05/10/2021 05:00",7664955
1,"05/10/2021 06:00",5636570
1,"05/10/2021 07:00",5215968
1,"05/10/2021 08:01",5321505
1,"05/10/2021 09:00",5107385
1,"05/10/2021 10:01",5183343
1,"05/10/2021 11:00",5397434
1,"05/10/2021 12:00",5312418
1,"05/10/2021 13:01",5750884
1,"05/10/2021 14:00",6104914
1,"05/10/2021 15:01",6235036
1,"05/10/2021 16:00",6995714
1,"05/10/2021 17:00",5935867
1,"05/10/2021 18:00",6246660
1,"05/10/2021 19:00",5699791
1,"05/10/2021 20:00",5716568
1,"05/10/2021 21:01",5532716
1,"05/10/2021 22:00",6152456
1,"05/10/2021 23:00",5915626
1,"06/10/2021 00:00",5899967
1,"06/10/2021 01:00",5617658
1,"06/10/2021 02:01",4934145
1,"06/10/2021 03:00",4855744
1,"06/10/2021 04:01",4839735
1,"06/10/2021 05:00",5645265
1,"06/10/2021 06:00",5039579
1,"06/10/2021 07:00",5538282
1,"06/10/2021 08:00",5413357
1,"06/10/2021 09:00",4429117
1,"06/10/2021 09:49",35519
1,"06/10/2021 09:50",6346865
1,"06/10/2021 11:00",5226625
1,"06/10/2021 12:00",5279295
1,"06/10/2021 13:00",5784196
1,"06/10/2021 14:00",6209782
1,"06/10/2021 15:01",6287849
1,"06/10/2021 16:00",6248839
1,"06/10/2021 17:01",6166037
1,"06/10/2021 18:01",5900103
1,"06/10/2021 19:00",5872195
1,"06/10/2021 20:01",6189570
1,"06/10/2021 21:00",6275503
1,"06/10/2021 22:00",6034111
1,"06/10/2021 23:00",6157320
1,"07/10/2021 00:00",5796008
1,"07/10/2021 01:01",5339769
1,"07/10/2021 02:00",5346807
1,"07/10/2021 03:00",5234225
1,"07/10/2021 04:00",5331952
1,"07/10/2021 05:00",5301973
1,"07/10/2021 06:00",5342513
1,"07/10/2021 07:00",5035037
1,"07/10/2021 08:00",5142413
1,"07/10/2021 09:00",6064819
1,"07/10/2021 10:00",5507359
1,"07/10/2021 11:00",5261139
1,"07/10/2021 12:00",5891010
1,"07/10/2021 13:00",6127330
1,"07/10/2021 14:00",6411341
1,"07/10/2021 15:01",6265833
1,"07/10/2021 16:00",6522429
1,"07/10/2021 17:00",5939593
1,"07/10/2021 18:00",6055980
1,"07/10/2021 19:00",6006184
1,"07/10/2021 20:01",6140080
1,"07/10/2021 21:00",6530980
1,"07/10/2021 22:00",6101315
1,"07/10/2021 23:00",6006943
1,"08/10/2021 00:00",6008078
1,"08/10/2021 01:01",5823212
1,"08/10/2021 02:00",5654437
1,"08/10/2021 03:00",5335031
1,"08/10/2021 04:01",5016258
1,"08/10/2021 05:00",5180272
1,"08/10/2021 06:01",4927737
1,"08/10/2021 07:00",5335332
1,"08/10/2021 08:00",5233450
1,"08/10/2021 09:01",5042280
1,"08/10/2021 10:00",4218636
1,"08/10/2021 10:52",6703800
1,"08/10/2021 12:01",6546218
1,"08/10/2021 13:00",7149146
1,"08/10/2021 14:01",7315379
1,"08/10/2021 15:00",7771960
1,"08/10/2021 16:00",7695991
1,"08/10/2021 17:01",7031075
1,"08/10/2021 18:00",7264371
1,"08/10/2021 19:01",7029600
1,"08/10/2021 20:00",7672758
1,"08/10/2021 21:00",8313574
1,"08/10/2021 22:01",7655192
1,"08/10/2021 23:00",7373202
1,"09/10/2021 00:01",6836031
1,"09/10/2021 01:00",6625249
1,"09/10/2021 02:00",6521775
1,"09/10/2021 03:01",6492324
1,"09/10/2021 04:00",6031887
1,"09/10/2021 05:00",5884333
1,"09/10/2021 06:00",5598026
1,"09/10/2021 07:00",5553367
1,"09/10/2021 08:01",5589918
1,"09/10/2021 09:00",5563874
1,"09/10/2021 10:00",5768656
1,"09/10/2021 11:00",5575039
1,"09/10/2021 12:00",5709185
1,"09/10/2021 13:01",5838569
1,"09/10/2021 14:00",6462473
1,"09/10/2021 15:00",6557894
1,"09/10/2021 16:00",6985976
1,"09/10/2021 17:00",6994740
1,"09/10/2021 18:00",6834052
1,"09/10/2021 19:00",6683851
1,"09/10/2021 20:00",6600600
1,"09/10/2021 21:01",6536505
1,"09/10/2021 22:00",6738184
1,"09/10/2021 23:00",6952287
1,"10/10/2021 00:00",6180899
1,"10/10/2021 01:00",6313797
1,"10/10/2021 02:00",6564930
1,"10/10/2021 03:00",6165087
1,"10/10/2021 04:00",6263128
1,"10/10/2021 05:00",5807232
1,"10/10/2021 06:00",6069212
1,"10/10/2021 07:00",5430273
1,"10/10/2021 08:00",5679692
1,"10/10/2021 09:00",5684257
1,"10/10/2021 10:00",6065422
1,"10/10/2021 11:01",6235770
1,"10/10/2021 12:00",6321461
1,"10/10/2021 13:00",6531674
1,"10/10/2021 14:00",6552859
1,"10/10/2021 15:00",6788485
1,"10/10/2021 16:01",6443579
1,"10/10/2021 17:00",6175346
1,"10/10/2021 18:00",6218749
1,"10/10/2021 19:00",6480036
1,"10/10/2021 20:00",6478111
1,"10/10/2021 21:01",6225109
1,"10/10/2021 22:00",6281072
1,"10/10/2021 23:00",6053703
1,"11/10/2021 00:01",5776489
1,"11/10/2021 01:00",5917414
1,"11/10/2021 02:01",6022839
1,"11/10/2021 03:00",6439772
1,"11/10/2021 04:00",6012474
1,"11/10/2021 05:00",6041122
1,"11/10/2021 06:00",6180963
1,"11/10/2021 07:00",5959793
1,"11/10/2021 08:01",5977264
1,"11/10/2021 09:00",5937455
1,"11/10/2021 10:00",6018968
1,"11/10/2021 11:00",6248360
1,"11/10/2021 12:00",7184580
1,"11/10/2021 13:01",7224955
1,"11/10/2021 14:00",7562392
1,"11/10/2021 15:01",7455885
1,"11/10/2021 16:00",7650419
1,"11/10/2021 17:00",7494818
1,"11/10/2021 18:00",7425594
1,"11/10/2021 19:00",6758819
1,"11/10/2021 20:00",7390225
1,"11/10/2021 21:00",7707071
1,"11/10/2021 22:00",7982169
1,"11/10/2021 23:00",7337599
1,"12/10/2021 00:00",7460743
1,"12/10/2021 01:00",7191967
1,"12/10/2021 02:01",6937386
1,"12/10/2021 03:00",6915417
1,"12/10/2021 04:00",6509596
1,"12/10/2021 05:00",6268886
1,"12/10/2021 06:00",6420348
1,"12/10/2021 07:01",6004740
1,"12/10/2021 08:00",6343569
1,"12/10/2021 09:01",6212938
1,"12/10/2021 10:00",6468053
1,"12/10/2021 11:00",6472632
1,"12/10/2021 12:00",6933068
1,"12/10/2021 13:00",7244271
1,"12/10/2021 14:00",7175842
1,"12/10/2021 15:00",7344274
1,"12/10/2021 16:00",7313184
1,"12/10/2021 17:00",7293308
1,"12/10/2021 18:00",7502487
1,"12/10/2021 19:00",7450639
1,"12/10/2021 20:01",6784894
1,"12/10/2021 21:00",7017087
1,"12/10/2021 22:00",7257527
1,"12/10/2021 23:01",7679081
1,"13/10/2021 00:00",7681165
1,"13/10/2021 01:01",7427805
1,"13/10/2021 02:00",7290590
1,"13/10/2021 03:00",7227364
1,"13/10/2021 04:01",7062498
1,"13/10/2021 05:00",7483320
1,"13/10/2021 06:01",7097886
1,"13/10/2021 07:00",7428669
1,"13/10/2021 08:00",7321441
1,"13/10/2021 09:01",9958142
1,"13/10/2021 10:00",8062830
1,"13/10/2021 11:01",7639500
1,"13/10/2021 12:00",8173036
1,"13/10/2021 13:00",8455572
1,"13/10/2021 14:00",8533843
1,"13/10/2021 15:00",8234284
1,"13/10/2021 16:00",8117801
1,"13/10/2021 17:00",8463783
1,"13/10/2021 18:00",8435747
1,"13/10/2021 19:00",8389543
1,"13/10/2021 20:01",7671113
1,"13/10/2021 21:00",7971538
1,"13/10/2021 22:01",8208392
1,"13/10/2021 23:00",7516837
1,"14/10/2021 00:01",7353372
1,"14/10/2021 01:00",6813130
1,"14/10/2021 02:00",6808740
1,"14/10/2021 03:01",6851141
1,"14/10/2021 04:00",6331784
1,"14/10/2021 05:00",5986768
1,"14/10/2021 06:00",6270854
1,"14/10/2021 07:00",6396723
1,"14/10/2021 08:00",6216389
1,"14/10/2021 09:01",6460289
1,"14/10/2021 10:00",6860259
1,"14/10/2021 11:01",6934767
1,"14/10/2021 12:00",7076306
1,"14/10/2021 13:00",7436604
1,"14/10/2021 14:01",7550372
1,"14/10/2021 15:00",7814632
1,"14/10/2021 16:01",8125220
1,"14/10/2021 17:00",8181698
1,"14/10/2021 18:00",7956437
1,"14/10/2021 19:00",7949083
1,"14/10/2021 20:00",8020141
1,"14/10/2021 21:00",8064411
1,"14/10/2021 22:01",8047588
1,"14/10/2021 23:00",8165850
1,"15/10/2021 00:01",7318532
1,"15/10/2021 01:00",6964399
1,"15/10/2021 02:00",6959278
1,"15/10/2021 03:01",6769755
1,"15/10/2021 04:00",7403500
1,"15/10/2021 05:01",7553814
1,"15/10/2021 06:00",7552722
1,"15/10/2021 07:00",7213365
1,"15/10/2021 08:00",7410223
1,"15/10/2021 09:00",7254149
1,"15/10/2021 10:00",6707724
1,"15/10/2021 11:00",6622283
1,"15/10/2021 12:00",7121078
1,"15/10/2021 13:00",7553646
1,"15/10/2021 14:00",7904185
1,"15/10/2021 15:00",7483256
1,"15/10/2021 16:01",7351140
1,"15/10/2021 17:00",7443647
1,"15/10/2021 18:01",7717444
1,"15/10/2021 19:01",7456207
1,"15/10/2021 20:00",7954922
1,"15/10/2021 21:01",7581628
1,"15/10/2021 22:00",7917096
1,"15/10/2021 23:00",7592391
1,"16/10/2021 00:00",7637203
1,"16/10/2021 01:00",7492331
1,"16/10/2021 02:00",6901165
1,"16/10/2021 03:00",6781302
1,"16/10/2021 04:00",6744774
1,"16/10/2021 05:01",6495859
1,"16/10/2021 06:00",6484455
1,"16/10/2021 07:00",6679650
1,"16/10/2021 08:01",5734801
1,"16/10/2021 09:00",6644350
1,"16/10/2021 10:01",6364360
1,"16/10/2021 11:00",6479863
1,"16/10/2021 12:00",6335902
1,"16/10/2021 13:00",6969526
1,"16/10/2021 14:00",7191700
1,"16/10/2021 15:01",7471473
1,"16/10/2021 16:00",7659679
1,"16/10/2021 17:00",7502550
1,"16/10/2021 18:00",7350162
1,"16/10/2021 19:00",7407886
1,"16/10/2021 20:00",7495628
1,"16/10/2021 21:01",7260040
1,"16/10/2021 22:00",7058091
1,"16/10/2021 23:00",6638339
1,"17/10/2021 00:00",7224179
1,"17/10/2021 01:00",7150528
1,"17/10/2021 02:01",6247885
1,"17/10/2021 03:00",6573282
1,"17/10/2021 04:01",6135520
1,"17/10/2021 05:00",6407696
1,"17/10/2021 06:00",6194986
1,"17/10/2021 07:00",6025398
1,"17/10/2021 08:00",5748032
1,"17/10/2021 09:00",5992647
1,"17/10/2021 10:01",5937951
1,"17/10/2021 11:00",6016579
1,"17/10/2021 12:00",6242672
1,"17/10/2021 13:00",6280185
1,"17/10/2021 14:00",6539315
1,"17/10/2021 15:01",6285292
1,"17/10/2021 16:00",6979083
1,"17/10/2021 17:01",6502789
1,"17/10/2021 18:00",7044074
1,"17/10/2021 19:00",7056657
1,"17/10/2021 20:01",6725452
1,"17/10/2021 21:00",6720996
1,"17/10/2021 22:01",6576560
1,"17/10/2021 23:00",6566290
1,"18/10/2021 00:00",6449776
1,"18/10/2021 01:00",6147625
1,"18/10/2021 02:00",6402004
1,"18/10/2021 03:00",6189164
1,"18/10/2021 04:01",6323229
1,"18/10/2021 05:00",6582688
1,"18/10/2021 06:01",5978925
1,"18/10/2021 07:00",5920647
1,"18/10/2021 08:00",5742094
1,"18/10/2021 09:01",6181324
1,"18/10/2021 10:00",6585700
1,"18/10/2021 11:01",6727763
1,"18/10/2021 12:00",6910831
1,"18/10/2021 13:00",7323661
1,"18/10/2021 14:00",7663152
1,"18/10/2021 15:00",7619281
1,"18/10/2021 16:00",7978643
1,"18/10/2021 17:01",7449075
1,"18/10/2021 18:00",7669380
1,"18/10/2021 19:01",7642912
1,"18/10/2021 20:00",7816346
1,"18/10/2021 21:00",7555554
1,"18/10/2021 22:01",7598582
1,"18/10/2021 23:00",7511942
1,"19/10/2021 00:01",7081860
1,"19/10/2021 01:00",6932193
1,"19/10/2021 02:00",6677619
1,"19/10/2021 03:00",6433138
1,"19/10/2021 04:00",6848395
1,"19/10/2021 05:00",6981243
1,"19/10/2021 06:00",6547146
1,"19/10/2021 07:00",6184928
1,"19/10/2021 08:00",6293562
1,"19/10/2021 09:01",6491663
1,"19/10/2021 10:00",6525264
1,"19/10/2021 11:00",6981155
1,"19/10/2021 12:00",7665407
1,"19/10/2021 13:00",7649754
1,"19/10/2021 14:01",8003101
1,"19/10/2021 15:00",8178743
1,"19/10/2021 16:00",7968834
1,"19/10/2021 17:00",8484781
1,"19/10/2021 18:00",8778628
1,"19/10/2021 19:01",8170353
1,"19/10/2021 20:00",8817745
1,"19/10/2021 21:00",8575139
1,"19/10/2021 22:01",8454708
1,"19/10/2021 23:00",8528217
1,"20/10/2021 00:01",7735155
1,"20/10/2021 01:00",7901485
1,"20/10/2021 02:01",7698175
1,"20/10/2021 03:00",7459243
1,"20/10/2021 04:00",7617419
1,"20/10/2021 05:01",7275180
1,"20/10/2021 06:00",7769515
1,"20/10/2021 07:00",7132469
1,"20/10/2021 08:00",6931783
1,"20/10/2021 09:00",7332769
1,"20/10/2021 10:00",7275623
1,"20/10/2021 11:01",7781580
1,"20/10/2021 12:00",8301607
1,"20/10/2021 13:01",8583385
1,"20/10/2021 14:00",9235351
1,"20/10/2021 15:01",9341959
1,"20/10/2021 16:01",8815141
1,"20/10/2021 17:00",8792365
1,"20/10/2021 18:01",8367028
1,"20/10/2021 19:00",8450878
1,"20/10/2021 20:00",8556447
1,"20/10/2021 21:00",8336969
1,"20/10/2021 22:00",8497102
1,"20/10/2021 23:00",8202617
1,"21/10/2021 00:00",8281126
1,"21/10/2021 01:00",8362536
1,"21/10/2021 02:01",7394332
1,"21/10/2021 03:00",7525933
1,"21/10/2021 04:01",7094114
1,"21/10/2021 05:00",7402830
1,"21/10/2021 06:00",7555867
1,"21/10/2021 07:01",7016643
1,"21/10/2021 08:00",7489229
1,"21/10/2021 09:00",7343119
1,"21/10/2021 10:00",7481496
1,"21/10/2021 11:00",7643390
1,"21/10/2021 12:00",8129361
1,"21/10/2021 13:00",8521579
1,"21/10/2021 14:00",8924736
1,"21/10/2021 15:01",8478555
1,"21/10/2021 16:00",8447797
1,"21/10/2021 17:01",8720569
1,"21/10/2021 18:00",8584204
1,"21/10/2021 19:00",8488523
1,"21/10/2021 20:00",8621014
1,"21/10/2021 21:00",9108579
1,"21/10/2021 22:00",9109917
1,"21/10/2021 23:00",9026658
1,"22/10/2021 00:00",8666118
1,"22/10/2021 01:00",7987947
1,"22/10/2021 02:00",8038570
1,"22/10/2021 03:00",7212008
1,"22/10/2021 04:01",7329386
1,"22/10/2021 05:00",7442128
1,"22/10/2021 06:01",7276285
1,"22/10/2021 07:00",7118296
1,"22/10/2021 08:00",6410298
1,"22/10/2021 09:00",7378814
1,"22/10/2021 10:00",7527136
1,"22/10/2021 11:00",7722343
1,"22/10/2021 12:00",7795744
1,"22/10/2021 13:00",8592785
1,"22/10/2021 14:00",8514018
1,"22/10/2021 15:00",8517079
1,"22/10/2021 16:00",8826143
1,"22/10/2021 17:01",8227649
1,"22/10/2021 18:00",8721205
1,"22/10/2021 19:01",8105459
1,"22/10/2021 20:00",8420958
1,"22/10/2021 21:00",8176096
1,"22/10/2021 22:00",8709491
1,"22/10/2021 23:00",8596777
1,"23/10/2021 00:01",8186030
1,"23/10/2021 01:00",7841594
1,"23/10/2021 02:00",7660633
1,"23/10/2021 03:00",7365779
1,"23/10/2021 04:00",7332557
1,"23/10/2021 05:00",7254784
1,"23/10/2021 06:01",7262704
1,"23/10/2021 07:00",7048301
1,"23/10/2021 08:01",7028409
1,"23/10/2021 09:00",7334761
1,"23/10/2021 10:00",7066828
1,"23/10/2021 11:01",6922334
1,"23/10/2021 12:00",7053501
1,"23/10/2021 13:01",7621446
1,"23/10/2021 14:00",8065410
1,"23/10/2021 15:00",7918412
1,"23/10/2021 16:00",8101721
1,"23/10/2021 17:00",7903328
1,"23/10/2021 18:00",8278773
1,"23/10/2021 19:01",7792103
1,"23/10/2021 20:00",8086567
1,"23/10/2021 21:01",7626064
1,"23/10/2021 22:00",7925957
1,"23/10/2021 23:01",7582440
1,"24/10/2021 00:00",8034254
1,"24/10/2021 01:00",7291031
1,"24/10/2021 02:00",7541813
1,"24/10/2021 03:00",7307343
1,"24/10/2021 04:00",7388265
1,"24/10/2021 05:00",7044223
1,"24/10/2021 06:00",7116112
1,"24/10/2021 07:00",6618092
1,"24/10/2021 08:01",6875403
1,"24/10/2021 09:00",6888178
1,"24/10/2021 10:01",6778122
1,"24/10/2021 11:00",6911891
1,"24/10/2021 12:01",6660144
1,"24/10/2021 13:00",6913904
1,"24/10/2021 14:00",7448712
1,"24/10/2021 15:01",7190762
1,"24/10/2021 16:00",7572637
1,"24/10/2021 17:00",7303612
1,"24/10/2021 18:00",7519023
1,"24/10/2021 19:00",7456423
1,"24/10/2021 20:00",7325331
1,"24/10/2021 21:00",7406398
1,"24/10/2021 22:00",7175128
1,"24/10/2021 23:01",6995312
1,"25/10/2021 00:00",7500895
1,"25/10/2021 01:01",7028861
1,"25/10/2021 02:00",7197226
1,"25/10/2021 03:00",7333095
1,"25/10/2021 04:01",7246393
1,"25/10/2021 05:00",7152242
1,"25/10/2021 06:01",7025555
1,"25/10/2021 07:00",6916823
1,"25/10/2021 08:00",7211128
1,"25/10/2021 09:00",7339931
1,"25/10/2021 10:00",7785272
1,"25/10/2021 11:00",7857152
1,"25/10/2021 12:00",8044098
1,"25/10/2021 13:00",8226166
1,"25/10/2021 14:00",9045031
1,"25/10/2021 15:01",8883038
1,"25/10/2021 16:00",8795087
1,"25/10/2021 17:00",8659179
1,"25/10/2021 18:00",8599841
1,"25/10/2021 19:00",8641193
1,"25/10/2021 20:01",8575029
1,"25/10/2021 21:00",8509029
1,"25/10/2021 22:00",9114935
1,"25/10/2021 23:00",9066950
1,"26/09/2021 00:00",6476047
1,"26/09/2021 01:01",5884023
1,"26/09/2021 02:00",6102972
1,"26/09/2021 03:01",5690390
1,"26/09/2021 04:00",5959163
1,"26/09/2021 05:00",5845199
1,"26/09/2021 06:01",5828764
1,"26/09/2021 07:00",5701544
1,"26/09/2021 08:01",5463705
1,"26/09/2021 09:00",5625012
1,"26/09/2021 10:00",5390849
1,"26/09/2021 11:00",5595963
1,"26/09/2021 12:00",5629816
1,"26/09/2021 13:00",5831082
1,"26/09/2021 14:01",5576509
1,"26/09/2021 15:00",6098978
1,"26/09/2021 16:01",5892461
1,"26/09/2021 17:00",6350670
1,"26/09/2021 18:00",5920732
1,"26/09/2021 19:01",5864209
1,"26/09/2021 20:00",6077610
1,"26/09/2021 21:01",5774069
1,"26/09/2021 22:00",5818013
1,"26/09/2021 23:00",5817673
1,"26/10/2021 00:00",8985015
1,"26/10/2021 01:01",7646673
1,"26/10/2021 02:00",7378407
1,"26/10/2021 03:01",7346829
1,"26/10/2021 04:00",7717680
1,"26/10/2021 05:00",7291720
1,"26/10/2021 06:01",7611619
1,"26/10/2021 07:00",8628863
1,"26/10/2021 08:01",7157956
1,"26/10/2021 09:00",5467078
1,"26/10/2021 10:00",4757056
1,"26/10/2021 11:00",4732389
1,"26/10/2021 12:00",4997787
1,"26/10/2021 13:00",4806067
1,"26/10/2021 14:01",4883656
1,"26/10/2021 15:00",5043120
1,"26/10/2021 16:01",5193710
1,"26/10/2021 17:00",4935998
1,"26/10/2021 18:00",4733969
1,"27/09/2021 00:00",5727893
1,"27/09/2021 01:00",6000920
1,"27/09/2021 02:00",5775240
1,"27/09/2021 03:00",5639775
1,"27/09/2021 04:00",5758705
1,"27/09/2021 05:00",5757740
1,"27/09/2021 06:01",5889756
1,"27/09/2021 07:00",5983285
1,"27/09/2021 08:01",5707549
1,"27/09/2021 09:00",6263258
1,"27/09/2021 10:00",5766201
1,"27/09/2021 11:00",6237678
1,"27/09/2021 12:00",6638699
1,"27/09/2021 13:01",6773859
1,"27/09/2021 14:00",1070477
1,"27/09/2021 14:08",6005206
1,"27/09/2021 15:00",6902775
1,"27/09/2021 16:00",7473170
1,"27/09/2021 17:00",7622886
1,"27/09/2021 18:00",6776916
1,"27/09/2021 19:01",6846351
1,"27/09/2021 20:00",7112459
1,"27/09/2021 21:01",6736439
1,"27/09/2021 22:00",7398417
1,"27/09/2021 23:00",7269249
1,"28/09/2021 00:00",6690430
1,"28/09/2021 01:00",6565392
1,"28/09/2021 02:01",6431680
1,"28/09/2021 03:01",5908734
1,"28/09/2021 04:00",6207965
1,"28/09/2021 05:00",6514396
1,"28/09/2021 06:00",6250772
1,"28/09/2021 07:00",6081011
1,"28/09/2021 08:01",6136998
1,"28/09/2021 09:00",6291016
1,"28/09/2021 10:01",5959719
1,"28/09/2021 11:00",6293051
1,"28/09/2021 12:00",6432437
1,"28/09/2021 13:00",7137329
1,"28/09/2021 14:00",7138918
1,"28/09/2021 15:00",7101973
1,"28/09/2021 16:00",7586826
1,"28/09/2021 17:00",7588741
1,"28/09/2021 18:00",7262318
1,"28/09/2021 19:00",7402340
1,"28/09/2021 20:00",7454866
1,"28/09/2021 21:01",7251066
1,"28/09/2021 22:00",7797430
1,"28/09/2021 23:01",7296728
1,"29/09/2021 00:00",7211478
1,"29/09/2021 01:00",7028052
1,"29/09/2021 02:00",6602267
1,"29/09/2021 03:00",6397938
1,"29/09/2021 04:00",6525173
1,"29/09/2021 05:01",6392831
1,"29/09/2021 06:00",6542751
1,"29/09/2021 07:00",6479312
1,"29/09/2021 08:01",6467135
1,"29/09/2021 09:00",6516516
1,"29/09/2021 10:01",6880043
1,"29/09/2021 11:00",7244795
1,"29/09/2021 12:00",7464927
1,"29/09/2021 13:01",8066641
1,"29/09/2021 14:00",8547085
1,"29/09/2021 15:01",8632597
1,"29/09/2021 16:00",8011028
1,"29/09/2021 17:00",7557893
1,"29/09/2021 18:00",7602297
1,"29/09/2021 19:00",7400078
1,"29/09/2021 20:01",7428847
1,"29/09/2021 21:00",7367606
1,"29/09/2021 22:00",7525948
1,"29/09/2021 23:00",7390307
1,"30/09/2021 00:00",7358126
1,"30/09/2021 01:00",7206425
1,"30/09/2021 02:01",6776855
1,"30/09/2021 03:00",6892799
1,"30/09/2021 04:01",6523165
1,"30/09/2021 05:00",6633197
1,"30/09/2021 06:00",6845413
1,"30/09/2021 07:00",6526209
1,"30/09/2021 08:00",6837985
1,"30/09/2021 09:00",6772090
1,"30/09/2021 10:01",6660764
1,"30/09/2021 11:00",6821635
1,"30/09/2021 12:01",7498494
1,"30/09/2021 13:00",7929936
1,"30/09/2021 14:00",6124126
1,"30/09/2021 15:01",8536434
1,"30/09/2021 16:00",8085196
1,"30/09/2021 17:01",7655040
1,"30/09/2021 18:00",8076608
1,"30/09/2021 19:00",7926123
1,"30/09/2021 20:00",7650263
1,"30/09/2021 21:00",7875322
1,"30/09/2021 22:00",8436347
1,"30/09/2021 23:01",7763559
2,"01/10/2021 00:00",7393081
2,"01/10/2021 01:01",6934041
2,"01/10/2021 02:00",6357697
2,"01/10/2021 03:00",6329418
2,"01/10/2021 04:00",6171592
2,"01/10/2021 05:00",6313594
2,"01/10/2021 06:00",6297062
2,"01/10/2021 07:01",5834071
2,"01/10/2021 08:00",6457048
2,"01/10/2021 09:01",6007138
2,"01/10/2021 10:00",6038705
2,"01/10/2021 11:00",6302995
2,"01/10/2021 12:00",7031025
2,"01/10/2021 13:00",7263658
2,"01/10/2021 14:00",7805244
2,"01/10/2021 15:00",7847123
2,"01/10/2021 16:00",8178804
2,"01/10/2021 17:00",7697138
2,"01/10/2021 18:00",7887492
2,"01/10/2021 19:00",7638310
2,"01/10/2021 20:01",7647275
2,"01/10/2021 21:00",8137957
2,"01/10/2021 22:01",7932364
2,"01/10/2021 23:00",7766664
2,"02/10/2021 00:01",7204974
2,"02/10/2021 01:00",7083179
2,"02/10/2021 02:00",6659847
2,"02/10/2021 03:00",6332094
2,"02/10/2021 04:00",6188503
2,"02/10/2021 05:00",6037739
2,"02/10/2021 06:01",5976774
2,"02/10/2021 07:00",6235311
2,"02/10/2021 08:00",6192487
2,"02/10/2021 09:01",5739598
2,"02/10/2021 10:00",6218044
2,"02/10/2021 11:01",6223899
2,"02/10/2021 12:00",6574136
2,"02/10/2021 13:00",6568355
2,"02/10/2021 14:00",7048670
2,"02/10/2021 15:00",7545527
2,"02/10/2021 16:00",7586735
2,"02/10/2021 17:01",7454463
2,"02/10/2021 18:00",7755367
2,"02/10/2021 19:01",6540850
2,"02/10/2021 20:00",6173984
2,"02/10/2021 21:00",6277656
2,"02/10/2021 22:01",6130711
2,"02/10/2021 23:00",6190107
2,"03/10/2021 00:01",6277220
2,"03/10/2021 01:00",6543553
2,"03/10/2021 02:00",6294898
2,"03/10/2021 03:00",6337736
2,"03/10/2021 04:00",6027416
2,"03/10/2021 05:00",6096139
2,"03/10/2021 06:01",6199503
2,"03/10/2021 07:00",5911699
2,"03/10/2021 08:01",5631054
2,"03/10/2021 09:00",5581615
2,"03/10/2021 10:00",5818255
2,"03/10/2021 11:00",6240688
2,"03/10/2021 12:00",6038740
2,"03/10/2021 13:00",6132188
2,"03/10/2021 14:01",6269322
2,"03/10/2021 15:00",6606471
2,"03/10/2021 16:00",6385191
2,"03/10/2021 17:00",6678020
2,"03/10/2021 18:00",6581152
2,"03/10/2021 19:01",6320775
2,"03/10/2021 20:00",6563483
2,"03/10/2021 21:01",6172669
2,"03/10/2021 22:00",6302191
2,"03/10/2021 23:00",6632168
2,"04/10/2021 00:00",6371792
2,"04/10/2021 01:00",7065286
2,"04/10/2021 02:00",7234955
2,"04/10/2021 03:01",6519257
2,"04/10/2021 04:00",6660950
2,"04/10/2021 05:01",6475349
2,"04/10/2021 06:00",6748105
2,"04/10/2021 07:00",6619532
2,"04/10/2021 08:01",6508743
2,"04/10/2021 09:00",6771379
2,"04/10/2021 10:01",6530530
2,"04/10/2021 11:00",7014556
2,"04/10/2021 12:00",7636728
2,"04/10/2021 13:00",7765517
2,"04/10/2021 14:00",8183757
2,"04/10/2021 15:00",8643134
2,"04/10/2021 16:01",8454013
2,"04/10/2021 17:00",8392299
2,"04/10/2021 18:01",7813372
2,"04/10/2021 19:00",8021306
2,"04/10/2021 20:00",8275095
2,"04/10/2021 21:01",7899148
2,"04/10/2021 22:00",8059562
2,"04/10/2021 23:01",7772049
2,"05/10/2021 00:00",7838806
2,"05/10/2021 01:00",4603646
2,"05/10/2021 02:01",4612549
2,"05/10/2021 03:00",7130812
2,"05/10/2021 04:00",6329881
2,"05/10/2021 05:00",9991595
2,"05/10/2021 06:00",7292781
2,"05/10/2021 07:00",7491245
2,"05/10/2021 08:01",7243049
2,"05/10/2021 09:00",7882098
2,"05/10/2021 10:01",7276327
2,"05/10/2021 11:00",8102046
2,"05/10/2021 12:00",8992401
2,"05/10/2021 13:01",8863601
2,"05/10/2021 14:00",9453191
2,"05/10/2021 15:01",8877294
2,"05/10/2021 16:00",9722154
2,"05/10/2021 17:00",9165477
2,"05/10/2021 18:00",8916732
2,"05/10/2021 19:00",8550711
2,"05/10/2021 20:00",8839629
2,"05/10/2021 21:01",8892039
2,"05/10/2021 22:00",8615371
2,"05/10/2021 23:00",8254994
2,"06/10/2021 00:00",7990426
2,"06/10/2021 01:00",7958433
2,"06/10/2021 02:01",7728757
2,"06/10/2021 03:00",7615455
2,"06/10/2021 04:01",7495203
2,"06/10/2021 05:00",7638263
2,"06/10/2021 06:00",8083023
2,"06/10/2021 07:00",7474856
2,"06/10/2021 08:00",7621657
2,"06/10/2021 09:00",6527179
2,"06/10/2021 09:49",55881
2,"06/10/2021 09:50",8809914
2,"06/10/2021 11:00",8087892
2,"06/10/2021 12:00",8609479
2,"06/10/2021 13:00",9375713
2,"06/10/2021 14:00",9351329
2,"06/10/2021 15:01",8896106
2,"06/10/2021 16:00",9422548
2,"06/10/2021 17:01",9335578
2,"06/10/2021 18:01",9149262
2,"06/10/2021 19:00",9298494
2,"06/10/2021 20:01",9063813
2,"06/10/2021 21:00",9105127
2,"06/10/2021 22:00",9383621
2,"06/10/2021 23:00",9128546
2,"07/10/2021 00:00",9074249
2,"07/10/2021 01:01",8377638
2,"07/10/2021 02:00",8707338
2,"07/10/2021 03:00",8129066
2,"07/10/2021 04:00",8116133
2,"07/10/2021 05:00",7717461
2,"07/10/2021 06:00",8042030
2,"07/10/2021 07:00",8132773
2,"07/10/2021 08:00",7950098
2,"07/10/2021 09:00",7643428
2,"07/10/2021 10:00",7936834
2,"07/10/2021 11:00",8519370
2,"07/10/2021 12:00",8603800
2,"07/10/2021 13:00",9035976
2,"07/10/2021 14:00",9090360
2,"07/10/2021 15:01",9001471
2,"07/10/2021 16:00",9365745
2,"07/10/2021 17:00",9697898
2,"07/10/2021 18:00",9754690
2,"07/10/2021 19:00",9540183
2,"07/10/2021 20:01",9035418
2,"07/10/2021 21:00",8943755
2,"07/10/2021 22:00",9371866
2,"07/10/2021 23:00",9124948
2,"08/10/2021 00:00",8746591
2,"08/10/2021 01:01",7951907
2,"08/10/2021 02:00",7855489
2,"08/10/2021 03:00",7774507
2,"08/10/2021 04:01",7215872
2,"08/10/2021 05:00",7418277
2,"08/10/2021 06:01",7616642
2,"08/10/2021 07:00",7978152
2,"08/10/2021 08:00",7444386
2,"08/10/2021 09:01",7261174
2,"08/10/2021 10:00",6950577
2,"08/10/2021 10:52",8428065
2,"08/10/2021 12:01",7263524
2,"08/10/2021 13:00",7843521
2,"08/10/2021 14:01",7276003
2,"08/10/2021 15:00",7699324
2,"08/10/2021 16:00",8003104
2,"08/10/2021 17:01",7859531
2,"08/10/2021 18:00",8150170
2,"08/10/2021 19:01",7938093
2,"08/10/2021 20:00",7860064
2,"08/10/2021 21:00",8337254
2,"08/10/2021 22:01",8451402
2,"08/10/2021 23:00",8673133
2,"09/10/2021 00:01",7719792
2,"09/10/2021 01:00",7445986
2,"09/10/2021 02:00",7051313
2,"09/10/2021 03:01",6273718
2,"09/10/2021 04:00",6849287
2,"09/10/2021 05:00",5657463
2,"09/10/2021 06:00",6105870
2,"09/10/2021 07:00",5732152
2,"09/10/2021 08:01",5731639
2,"09/10/2021 09:00",5740166
2,"09/10/2021 10:00",5642108
2,"09/10/2021 11:00",6567101
2,"09/10/2021 12:00",6721235
2,"09/10/2021 13:01",6927092
2,"09/10/2021 14:00",6970139
2,"09/10/2021 15:00",6973668
2,"09/10/2021 16:00",7090293
2,"09/10/2021 17:00",6908101
2,"09/10/2021 18:00",6971351
2,"09/10/2021 19:00",7115751
2,"09/10/2021 20:00",7507031
2,"09/10/2021 21:01",7652892
2,"09/10/2021 22:00",7047577
2,"09/10/2021 23:00",7098309
2,"10/10/2021 00:00",7070640
2,"10/10/2021 01:00",6762001
2,"10/10/2021 02:00",6540618
2,"10/10/2021 03:00",6098355
2,"10/10/2021 04:00",6174038
2,"10/10/2021 05:00",6061046
2,"10/10/2021 06:00",6087593
2,"10/10/2021 07:00",6255842
2,"10/10/2021 08:00",6002896
2,"10/10/2021 09:00",6032384
2,"10/10/2021 10:00",6106535
2,"10/10/2021 11:01",6343603
2,"10/10/2021 12:00",6633362
2,"10/10/2021 13:00",6606551
2,"10/10/2021 14:00",6886709
2,"10/10/2021 15:00",6882374
2,"10/10/2021 16:01",7102976
2,"10/10/2021 17:00",7111495
2,"10/10/2021 18:00",6925040
2,"10/10/2021 19:00",6575110
2,"10/10/2021 20:00",6573824
2,"10/10/2021 21:01",6545851
2,"10/10/2021 22:00",6289662
2,"10/10/2021 23:00",6846647
2,"11/10/2021 00:01",6609187
2,"11/10/2021 01:00",6869747
2,"11/10/2021 02:01",6206784
2,"11/10/2021 03:00",6273529
2,"11/10/2021 04:00",5974105
2,"11/10/2021 05:00",6136305
2,"11/10/2021 06:00",6353213
2,"11/10/2021 07:00",6195670
2,"11/10/2021 08:01",6195353
2,"11/10/2021 09:00",6360493
2,"11/10/2021 10:00",6252255
2,"11/10/2021 11:00",6274744
2,"11/10/2021 12:00",6438960
2,"11/10/2021 13:01",6566150
2,"11/10/2021 14:00",7146456
2,"11/10/2021 15:01",7261219
2,"11/10/2021 16:00",7312507
2,"11/10/2021 17:00",7255201
2,"11/10/2021 18:00",7400863
2,"11/10/2021 19:00",7208731
2,"11/10/2021 20:00",7487801
2,"11/10/2021 21:00",7106488
2,"11/10/2021 22:00",7084849
2,"11/10/2021 23:00",6907229
2,"12/10/2021 00:00",6739783
2,"12/10/2021 01:00",6600121
2,"12/10/2021 02:01",6094483
2,"12/10/2021 03:00",6020734
2,"12/10/2021 04:00",5931983
2,"12/10/2021 05:00",6040481
2,"12/10/2021 06:00",6765747
2,"12/10/2021 07:01",5946648
2,"12/10/2021 08:00",6021410
2,"12/10/2021 09:01",5746880
2,"12/10/2021 10:00",5971278
2,"12/10/2021 11:00",5941030
2,"12/10/2021 12:00",6095648
2,"12/10/2021 13:00",6389451
2,"12/10/2021 14:00",6438118
2,"12/10/2021 15:00",6792635
2,"12/10/2021 16:00",6665353
2,"12/10/2021 17:00",6563319
2,"12/10/2021 18:00",6596994
2,"12/10/2021 19:00",6598280
2,"12/10/2021 20:01",6709274
2,"12/10/2021 21:00",6647154
2,"12/10/2021 22:00",7311589
2,"12/10/2021 23:01",7161220
2,"13/10/2021 00:00",7222168
2,"13/10/2021 01:01",6807972
2,"13/10/2021 02:00",7109478
2,"13/10/2021 03:00",6795797
2,"13/10/2021 04:01",6455277
2,"13/10/2021 05:00",6698588
2,"13/10/2021 06:01",7022790
2,"13/10/2021 07:00",6763425
2,"13/10/2021 08:00",7128458
2,"13/10/2021 09:01",9445786
2,"13/10/2021 10:00",7698296
2,"13/10/2021 11:01",7505403
2,"13/10/2021 12:00",8223898
2,"13/10/2021 13:00",7890675
2,"13/10/2021 14:00",8146644
2,"13/10/2021 15:00",8093239
2,"13/10/2021 16:00",7718111
2,"13/10/2021 17:00",7665313
2,"13/10/2021 18:00",7880256
2,"13/10/2021 19:00",7851148
2,"13/10/2021 20:01",7418666
2,"13/10/2021 21:00",7733354
2,"13/10/2021 22:01",7328640
2,"13/10/2021 23:00",7480063
2,"14/10/2021 00:01",6908171
2,"14/10/2021 01:00",6979561
2,"14/10/2021 02:00",6509282
2,"14/10/2021 03:01",5786596
2,"14/10/2021 04:00",5456487
2,"14/10/2021 05:00",6283944
2,"14/10/2021 06:00",6581009
2,"14/10/2021 07:00",6169122
2,"14/10/2021 08:00",6459457
2,"14/10/2021 09:01",6206224
2,"14/10/2021 10:00",6277672
2,"14/10/2021 11:01",6448847
2,"14/10/2021 12:00",6658287
2,"14/10/2021 13:00",6992829
2,"14/10/2021 14:01",7731832
2,"14/10/2021 15:00",7967941
2,"14/10/2021 16:01",7593209
2,"14/10/2021 17:00",7258059
2,"14/10/2021 18:00",7578651
2,"14/10/2021 19:00",7528024
2,"14/10/2021 20:00",7396460
2,"14/10/2021 21:00",7759419
2,"14/10/2021 22:01",7229207
2,"14/10/2021 23:00",7225510
2,"15/10/2021 00:01",6510137
2,"15/10/2021 01:00",6851325
2,"15/10/2021 02:00",6727037
2,"15/10/2021 03:01",6307735
2,"15/10/2021 04:00",6676493
2,"15/10/2021 05:01",6649828
2,"15/10/2021 06:00",6856974
2,"15/10/2021 07:00",6786204
2,"15/10/2021 08:00",6751749
2,"15/10/2021 09:00",6924720
2,"15/10/2021 10:00",6285720
2,"15/10/2021 11:00",6767631
2,"15/10/2021 12:00",7077529
2,"15/10/2021 13:00",7224368
2,"15/10/2021 14:00",7704017
2,"15/10/2021 15:00",8211246
2,"15/10/2021 16:01",8074275
2,"15/10/2021 17:00",8363218
2,"15/10/2021 18:01",8155381
2,"15/10/2021 19:01",7619052
2,"15/10/2021 20:00",7662982
2,"15/10/2021 21:01",7751801
2,"15/10/2021 22:00",7835512
2,"15/10/2021 23:00",7800630
2,"16/10/2021 00:00",7788080
2,"16/10/2021 01:00",7135696
2,"16/10/2021 02:00",7002257
2,"16/10/2021 03:00",6495380
2,"16/10/2021 04:00",6550054
2,"16/10/2021 05:01",6031147
2,"16/10/2021 06:00",6377433
2,"16/10/2021 07:00",6410370
2,"16/10/2021 08:01",6338676
2,"16/10/2021 09:00",5944645
2,"16/10/2021 10:01",5753485
2,"16/10/2021 11:00",6393847
2,"16/10/2021 12:00",6528122
2,"16/10/2021 13:00",6890615
2,"16/10/2021 14:00",7173942
2,"16/10/2021 15:01",6972513
2,"16/10/2021 16:00",7480620
2,"16/10/2021 17:00",7324159
2,"16/10/2021 18:00",7528844
2,"16/10/2021 19:00",7006475
2,"16/10/2021 20:00",7053064
2,"16/10/2021 21:01",6885130
2,"16/10/2021 22:00",7414751
2,"16/10/2021 23:00",7250108
2,"17/10/2021 00:00",6948454
2,"17/10/2021 01:00",6658582
2,"17/10/2021 02:01",6657093
2,"17/10/2021 03:00",6209391
2,"17/10/2021 04:01",6012185
2,"17/10/2021 05:00",6427049
2,"17/10/2021 06:00",6092151
2,"17/10/2021 07:00",5818549
2,"17/10/2021 08:00",5946183
2,"17/10/2021 09:00",5976886
2,"17/10/2021 10:01",5848428
2,"17/10/2021 11:00",6046088
2,"17/10/2021 12:00",5872074
2,"17/10/2021 13:00",6271791
2,"17/10/2021 14:00",6482605
2,"17/10/2021 15:01",6334853
2,"17/10/2021 16:00",6480753
2,"17/10/2021 17:01",6561398
2,"17/10/2021 18:00",6469930
2,"17/10/2021 19:00",6477734
2,"17/10/2021 20:01",6440990
2,"17/10/2021 21:00",6468405
2,"17/10/2021 22:01",6468699
2,"17/10/2021 23:00",6546890
2,"18/10/2021 00:00",6501744
2,"18/10/2021 01:00",6654381
2,"18/10/2021 02:00",6456482
2,"18/10/2021 03:00",6285121
2,"18/10/2021 04:01",5935985
2,"18/10/2021 05:00",6172005
2,"18/10/2021 06:01",5852990
2,"18/10/2021 07:00",5606236
2,"18/10/2021 08:00",5823983
2,"18/10/2021 09:01",6078166
2,"18/10/2021 10:00",6446838
2,"18/10/2021 11:01",6582121
2,"18/10/2021 12:00",7093786
2,"18/10/2021 13:00",7277448
2,"18/10/2021 14:00",7590485
2,"18/10/2021 15:00",7482656
2,"18/10/2021 16:00",7617163
2,"18/10/2021 17:01",7602328
2,"18/10/2021 18:00",7661576
2,"18/10/2021 19:01",7564379
2,"18/10/2021 20:00",7580661
2,"18/10/2021 21:00",7810413
2,"18/10/2021 22:01",7208251
2,"18/10/2021 23:00",7447156
2,"19/10/2021 00:01",7236445
2,"19/10/2021 01:00",6881907
2,"19/10/2021 02:00",6377196
2,"19/10/2021 03:00",6315749
2,"19/10/2021 04:00",6354323
2,"19/10/2021 05:00",6598998
2,"19/10/2021 06:00",6640293
2,"19/10/2021 07:00",6381822
2,"19/10/2021 08:00",6674976
2,"19/10/2021 09:01",6167514
2,"19/10/2021 10:00",6191483
2,"19/10/2021 11:00",6657964
2,"19/10/2021 12:00",7007897
2,"19/10/2021 13:00",7537027
2,"19/10/2021 14:01",7510804
2,"19/10/2021 15:00",7655791
2,"19/10/2021 16:00",7802647
2,"19/10/2021 17:00",7180960
2,"19/10/2021 18:00",7046604
2,"19/10/2021 19:01",6806079
2,"19/10/2021 20:00",6726729
2,"19/10/2021 21:00",6982031
2,"19/10/2021 22:01",6547037
2,"19/10/2021 23:00",6785475
2,"20/10/2021 00:01",6427804
2,"20/10/2021 01:00",6171258
2,"20/10/2021 02:01",5846740
2,"20/10/2021 03:00",5842012
2,"20/10/2021 04:00",5288213
2,"20/10/2021 05:01",5356697
2,"20/10/2021 06:00",5812422
2,"20/10/2021 07:00",5633147
2,"20/10/2021 08:00",5986949
2,"20/10/2021 09:00",5661215
2,"20/10/2021 10:00",5837581
2,"20/10/2021 11:01",5658427
2,"20/10/2021 12:00",6523630
2,"20/10/2021 13:01",6305327
2,"20/10/2021 14:00",6513755
2,"20/10/2021 15:01",6438612
2,"20/10/2021 16:01",6854460
2,"20/10/2021 17:00",7095810
2,"20/10/2021 18:01",6270095
2,"20/10/2021 19:00",6441903
2,"20/10/2021 20:00",6163213
2,"20/10/2021 21:00",6429413
2,"20/10/2021 22:00",6453333
2,"20/10/2021 23:00",6385265
2,"21/10/2021 00:00",6130510
2,"21/10/2021 01:00",6411461
2,"21/10/2021 02:01",5728198
2,"21/10/2021 03:00",5593719
2,"21/10/2021 04:01",5268477
2,"21/10/2021 05:00",5120508
2,"21/10/2021 06:00",5357110
2,"21/10/2021 07:01",4891219
2,"21/10/2021 08:00",5389589
2,"21/10/2021 09:00",5310409
2,"21/10/2021 10:00",5332433
2,"21/10/2021 11:00",5967490
2,"21/10/2021 12:00",5861260
2,"21/10/2021 13:00",6318085
2,"21/10/2021 14:00",6455180
2,"21/10/2021 15:01",6261623
2,"21/10/2021 16:00",6692068
2,"21/10/2021 17:01",6324139
2,"21/10/2021 18:00",6570083
2,"21/10/2021 19:00",6522664
2,"21/10/2021 20:00",6843254
2,"21/10/2021 21:00",6725294
2,"21/10/2021 22:00",7045325
2,"21/10/2021 23:00",6969092
2,"22/10/2021 00:00",6673914
2,"22/10/2021 01:00",5920516
2,"22/10/2021 02:00",5852367
2,"22/10/2021 03:00",6054173
2,"22/10/2021 04:01",5261990
2,"22/10/2021 05:00",5420484
2,"22/10/2021 06:01",5527323
2,"22/10/2021 07:00",5265310
2,"22/10/2021 08:00",5071373
2,"22/10/2021 09:00",5842069
2,"22/10/2021 10:00",5834146
2,"22/10/2021 11:00",5811281
2,"22/10/2021 12:00",6040616
2,"22/10/2021 13:00",6115200
2,"22/10/2021 14:00",6344344
2,"22/10/2021 15:00",6572428
2,"22/10/2021 16:00",6645919
2,"22/10/2021 17:01",6412893
2,"22/10/2021 18:00",6826494
2,"22/10/2021 19:01",6493935
2,"22/10/2021 20:00",6833846
2,"22/10/2021 21:00",6907688
2,"22/10/2021 22:00",6966789
2,"22/10/2021 23:00",6655543
2,"23/10/2021 00:01",6465243
2,"23/10/2021 01:00",6504260
2,"23/10/2021 02:00",5785875
2,"23/10/2021 03:00",5785184
2,"23/10/2021 04:00",5721050
2,"23/10/2021 05:00",5622950
2,"23/10/2021 06:01",5108949
2,"23/10/2021 07:00",5566610
2,"23/10/2021 08:01",5386575
2,"23/10/2021 09:00",5369276
2,"23/10/2021 10:00",5500251
2,"23/10/2021 11:01",5391040
2,"23/10/2021 12:00",5912519
2,"23/10/2021 13:01",5503023
2,"23/10/2021 14:00",6118466
2,"23/10/2021 15:00",6092478
2,"23/10/2021 16:00",6137308
2,"23/10/2021 17:00",6311641
2,"23/10/2021 18:00",6147410
2,"23/10/2021 19:01",6053259
2,"23/10/2021 20:00",6087045
2,"23/10/2021 21:01",6077638
2,"23/10/2021 22:00",6300328
2,"23/10/2021 23:01",6067111
2,"24/10/2021 00:00",5908877
2,"24/10/2021 01:00",6113684
2,"24/10/2021 02:00",5552250
2,"24/10/2021 03:00",5819926
2,"24/10/2021 04:00",5390310
2,"24/10/2021 05:00",5361893
2,"24/10/2021 06:00",5333789
2,"24/10/2021 07:00",5586757
2,"24/10/2021 08:01",5179647
2,"24/10/2021 09:00",5304909
2,"24/10/2021 10:01",5055303
2,"24/10/2021 11:00",5184230
2,"24/10/2021 12:01",5142714
2,"24/10/2021 13:00",5436651
2,"24/10/2021 14:00",5282132
2,"24/10/2021 15:01",5469479
2,"24/10/2021 16:00",5762282
2,"24/10/2021 17:00",5777384
2,"24/10/2021 18:00",5726254
2,"24/10/2021 19:00",5613064
2,"24/10/2021 20:00",5487401
2,"24/10/2021 21:00",5915078
2,"24/10/2021 22:00",6097787
2,"24/10/2021 23:01",6174945
2,"25/10/2021 00:00",6000131
2,"25/10/2021 01:01",5925460
2,"25/10/2021 02:00",5898725
2,"25/10/2021 03:00",5420130
2,"25/10/2021 04:01",5059989
2,"25/10/2021 05:00",5538268
2,"25/10/2021 06:01",5518471
2,"25/10/2021 07:00",5564186
2,"25/10/2021 08:00",5198832
2,"25/10/2021 09:00",5388174
2,"25/10/2021 10:00",5301367
2,"25/10/2021 11:00",5538860
2,"25/10/2021 12:00",5847034
2,"25/10/2021 13:00",6169323
2,"25/10/2021 14:00",6325174
2,"25/10/2021 15:01",6300181
2,"25/10/2021 16:00",6096308
2,"25/10/2021 17:00",6326203
2,"25/10/2021 18:00",6494793
2,"25/10/2021 19:00",6700815
2,"25/10/2021 20:01",6491005
2,"25/10/2021 21:00",6394124
2,"25/10/2021 22:00",7114514
2,"25/10/2021 23:00",7315567
2,"26/09/2021 00:00",7049985
2,"26/09/2021 01:01",7050741
2,"26/09/2021 02:00",6919978
2,"26/09/2021 03:01",6317809
2,"26/09/2021 04:00",6465749
2,"26/09/2021 05:00",6215562
2,"26/09/2021 06:01",6318864
2,"26/09/2021 07:00",6099317
2,"26/09/2021 08:01",6250698
2,"26/09/2021 09:00",6167271
2,"26/09/2021 10:00",6234204
2,"26/09/2021 11:00",6046120
2,"26/09/2021 12:00",6387327
2,"26/09/2021 13:00",6500333
2,"26/09/2021 14:01",6705923
2,"26/09/2021 15:00",6734600
2,"26/09/2021 16:01",6795530
2,"26/09/2021 17:00",7026314
2,"26/09/2021 18:00",7075233
2,"26/09/2021 19:01",6838792
2,"26/09/2021 20:00",7113263
2,"26/09/2021 21:01",6748809
2,"26/09/2021 22:00",6802941
2,"26/09/2021 23:00",6703426
2,"26/10/2021 00:00",6856168
2,"26/10/2021 01:01",6236954
2,"26/10/2021 02:00",6346535
2,"26/10/2021 03:01",5247166
2,"26/10/2021 04:00",5369066
2,"26/10/2021 05:00",5239746
2,"26/10/2021 06:01",5541824
2,"26/10/2021 07:00",6804097
2,"26/10/2021 08:01",5707812
2,"26/10/2021 09:00",4748535
2,"26/10/2021 10:00",3779708
2,"26/10/2021 11:00",4395586
2,"26/10/2021 12:00",4132565
2,"26/10/2021 13:00",4452024
2,"26/10/2021 14:01",4356503
2,"26/10/2021 15:00",4730137
2,"26/10/2021 16:01",4572187
2,"26/10/2021 17:00",4978102
2,"26/10/2021 18:00",4984821
2,"27/09/2021 00:00",6816472
2,"27/09/2021 01:00",6679303
2,"27/09/2021 02:00",6493942
2,"27/09/2021 03:00",6420457
2,"27/09/2021 04:00",6391744
2,"27/09/2021 05:00",6462682
2,"27/09/2021 06:01",6594579
2,"27/09/2021 07:00",6668845
2,"27/09/2021 08:01",6767463
2,"27/09/2021 09:00",6946165
2,"27/09/2021 10:00",6966737
2,"27/09/2021 11:00",6998635
2,"27/09/2021 12:00",7556839
2,"27/09/2021 13:01",7645277
2,"27/09/2021 14:00",1184009
2,"27/09/2021 14:08",7015867
2,"27/09/2021 15:00",8166976
2,"27/09/2021 16:00",9196303
2,"27/09/2021 17:00",8672490
2,"27/09/2021 18:00",8670308
2,"27/09/2021 19:01",8108608
2,"27/09/2021 20:00",8245002
2,"27/09/2021 21:01",8181824
2,"27/09/2021 22:00",7991778
2,"27/09/2021 23:00",8028215
2,"28/09/2021 00:00",8054423
2,"28/09/2021 01:00",7692727
2,"28/09/2021 02:01",7442276
2,"28/09/2021 03:01",7433357
2,"28/09/2021 04:00",7099244
2,"28/09/2021 05:00",7569748
2,"28/09/2021 06:00",7512263
2,"28/09/2021 07:00",7337975
2,"28/09/2021 08:01",6876397
2,"28/09/2021 09:00",7196082
2,"28/09/2021 10:01",7244714
2,"28/09/2021 11:00",7518590
2,"28/09/2021 12:00",7944523
2,"28/09/2021 13:00",7890046
2,"28/09/2021 14:00",8496423
2,"28/09/2021 15:00",8605092
2,"28/09/2021 16:00",8083244
2,"28/09/2021 17:00",7969864
2,"28/09/2021 18:00",8497863
2,"28/09/2021 19:00",8464767
2,"28/09/2021 20:00",8072712
2,"28/09/2021 21:01",7856253
2,"28/09/2021 22:00",7769815
2,"28/09/2021 23:01",7406098
2,"29/09/2021 00:00",7239304
2,"29/09/2021 01:00",6580299
2,"29/09/2021 02:00",6394792
2,"29/09/2021 03:00",6260849
2,"29/09/2021 04:00",6218469
2,"29/09/2021 05:01",5874904
2,"29/09/2021 06:00",6235178
2,"29/09/2021 07:00",6631832
2,"29/09/2021 08:01",6264796
2,"29/09/2021 09:00",6754447
2,"29/09/2021 10:01",6435479
2,"29/09/2021 11:00",6943733
2,"29/09/2021 12:00",7422871
2,"29/09/2021 13:01",7470417
2,"29/09/2021 14:00",7848612
2,"29/09/2021 15:01",7772128
2,"29/09/2021 16:00",7889382
2,"29/09/2021 17:00",7478294
2,"29/09/2021 18:00",7533434
2,"29/09/2021 19:00",7650292
2,"29/09/2021 20:01",7418763
2,"29/09/2021 21:00",7140205
2,"29/09/2021 22:00",7356798
2,"29/09/2021 23:00",6949762
2,"30/09/2021 00:00",7424852
2,"30/09/2021 01:00",6623832
2,"30/09/2021 02:01",6470422
2,"30/09/2021 03:00",6100211
2,"30/09/2021 04:01",6564486
2,"30/09/2021 05:00",5934437
2,"30/09/2021 06:00",6028954
2,"30/09/2021 07:00",6088465
2,"30/09/2021 08:00",6099083
2,"30/09/2021 09:00",6307076
2,"30/09/2021 10:01",6230238
2,"30/09/2021 11:00",6947558
2,"30/09/2021 12:01",6704599
2,"30/09/2021 13:00",7201279
2,"30/09/2021 14:00",6011703
2,"30/09/2021 15:01",8536259
2,"30/09/2021 16:00",7901448
2,"30/09/2021 17:01",7876043
2,"30/09/2021 18:00",7863671
2,"30/09/2021 19:00",7694637
2,"30/09/2021 20:00",7798242
2,"30/09/2021 21:00",7582897
2,"30/09/2021 22:00",7442676
2,"30/09/2021 23:01",7360232
